created new rundir klingenthal
preparing search components
preparing station inventory
scanning SDS archive at /home/isken/2026-klingenthal/data
scanned SDS archive in 0:00:10.222031, found 560.3GiB in 37790 files
SDS archive time span: 2024-01-01 to 2025-01-01
removing station 1D.STC00.17 from inventory
removing station 1D.STC00.18 from inventory
removing station 1D.STC00.21 from inventory
removing station 1D.STC00.23 from inventory
removing station 1D.STC00.26 from inventory
removing station 1D.STC00.29 from inventory
removing station 1D.STC00.33 from inventory
removing station 1D.STC00.35 from inventory
removing station 1D.STC00.37 from inventory
removing station 1D.STC00.39 from inventory
removing station 1D.STC00.40 from inventory
removing station 1D.TIS00.13 from inventory
removing station 1D.TIS00.14 from inventory
removing station 1D.TIS00.16 from inventory
removing station 1D.TIS00.18 from inventory
removing station 1D.TIS00.33 from inventory
removing station 1D.TIS00.34 from inventory
removing station 1D.TIS00.38 from inventory
removing station 1D.TIS00.41 from inventory
removing station 1D.TIS00.46 from inventory
removing station 1D.LIB00.40 from inventory
removing station 6A.LWSA1.00 from inventory
removing station 6A.LWSA3.00 from inventory
removing station 6A.LWS00.00 from inventory
removing station 6A.LWS00.10 from inventory
removing station 6A.LWS00.20 from inventory
removing station 6A.LWS00.30 from inventory
removing station 6A.LWS00.40 from inventory
removing station 6A.LWS00.50 from inventory
removing station 6A.LWS00.60 from inventory
removing station 6A.LWS00.80 from inventory
removing station 6A.LWS00.82 from inventory
removing station 6A.LWS00.84 from inventory
removing station SX.LWSB1.00 from inventory
removing station SX.LWSB2.00 from inventory
removing station SX.LWSB3.00 from inventory
removing station SX.LWSB4.00 from inventory
removing station SX.LWSB5.00 from inventory
removing station SX.LWSC1.00 from inventory
removing station SX.LWSC2.00 from inventory
removing station SX.LWSC3.00 from inventory
removing station SX.LWSC4.00 from inventory
removing station SX.LWSC5.00 from inventory
removing station SX.LWSC6.00 from inventory
removing station SX.LWSC7.00 from inventory
removing station GX.STC00.17 from inventory
removing station GX.STC00.18 from inventory
removing station GX.STC00.21 from inventory
removing station GX.STC00.23 from inventory
removing station GX.STC00.26 from inventory
removing station GX.STC00.29 from inventory
removing station GX.STC00.33 from inventory
removing station GX.STC00.37 from inventory
removing station GX.STC00.39 from inventory
removing station GX.STC00.40 from inventory
removing station GX.TIS00.13 from inventory
removing station GX.TIS00.14 from inventory
removing station GX.TIS00.16 from inventory
removing station GX.TIS00.18 from inventory
removing station GX.TIS00.34 from inventory
removing station GX.TIS00.38 from inventory
removing station GX.TIS00.41 from inventory
removing station GX.TIS00.46 from inventory
removing station GX.LIB00.38 from inventory
removing station SX.FBE. from inventory
removing station TH.ATBG. from inventory
removing station TH.BDE. from inventory
removing station TH.CRUX. from inventory
removing station TH.HWTS. from inventory
removing station TH.MOB2. from inventory
removing station TH.MOXB.02 from inventory
removing station TH.NIC. from inventory
removing station TH.PLN.01 from inventory
removing station TH.PST. from inventory
removing station TH.PST.01 from inventory
removing station TH.RAU. from inventory
removing station TH.REU. from inventory
removing station TH.SCH. from inventory
removing station TH.SCHD. from inventory
removing station TH.SFD. from inventory
removing station TH.STB. from inventory
removing station TH.TAU. from inventory
removing station TH.TAU.01 from inventory
removing station TH.THWA. from inventory
removing station TH.WESF. from inventory
removing station TH.ZEU.00 from inventory
removing station Z3.A071A. from inventory
removing station Z3.A073A. from inventory
removing station BW.UHE. from inventory
removing station BW.SYB01. from inventory
removing station BW.MGS04. from inventory
removing station BW.BE2. from inventory
removing station BW.SYBOB. from inventory
removing station BW.SYB03. from inventory
removing station BW.NORI. from inventory
removing station BW.BHG. from inventory
removing station BW.RTSH. from inventory
removing station BW.FFB2. from inventory
removing station BW.TON. from inventory
removing station BW.UH2. from inventory
removing station BW.WETR. from inventory
removing station BW.DRMY3. from inventory
removing station BW.MGS03. from inventory
removing station BW.ALFT. from inventory
removing station BW.GELB. from inventory
removing station BW.CHKA. from inventory
removing station BW.HROE. from inventory
removing station BW.SWM. from inventory
removing station BW.DRMY4. from inventory
removing station BW.UH1. from inventory
removing station BW.DHFO. from inventory
removing station BW.BDGS. from inventory
removing station BW.KW3. from inventory
removing station BW.UHK. from inventory
removing station BW.RTBE. from inventory
removing station BW.GRC1. from inventory
removing station BW.MASC. from inventory
removing station BW.RMOA. from inventory
removing station BW.UH4. from inventory
removing station BW.MGS05. from inventory
removing station BW.DRMY5. from inventory
removing station BW.RLAS. from inventory
removing station BW.DRMY1. from inventory
removing station BW.RWMO. from inventory
removing station BW.UHL. from inventory
removing station BW.ZUGS. from inventory
removing station BW.SWM2. from inventory
removing station BW.MGS02. from inventory
removing station BW.PART. from inventory
removing station BW.VIEL. from inventory
removing station BW.PFORL. from inventory
removing station BW.BGLD. from inventory
removing station BW.MGS01. from inventory
removing station BW.FURT. from inventory
removing station BW.GRMB. from inventory
removing station BW.KW1. from inventory
removing station BW.RTSA. from inventory
removing station BW.SYBAD. from inventory
removing station BW.BE3. from inventory
removing station BW.SYB02. from inventory
removing station BW.RNON. from inventory
removing station BW.KW2. from inventory
removing station BW.ROMY. from inventory
removing station BW.ROMY.10 from inventory
removing station BW.ROMY.20 from inventory
removing station BW.ROMY.30 from inventory
removing station BW.OBER. from inventory
removing station BW.BIB. from inventory
removing station BW.ALTM. from inventory
removing station BW.DRMY2. from inventory
removing station BW.BGDS. from inventory
removing station BW.FFB1. from inventory
removing station BW.DRMY6. from inventory
removing station BW.RJOB. from inventory
removing station BW.DRMY7.01 from inventory
removing station BW.DRMY7.02 from inventory
removing station BW.DRMY7.03 from inventory
removing station BW.DRMY7.04 from inventory
removing station BW.WARN. from inventory
removing station BW.SCE. from inventory
removing station BW.MGSBH. from inventory
removing station BW.DROMY. from inventory
removing station BW.FFB3. from inventory
removing station BW.BE4. from inventory
removing station BW.MNH. from inventory
removing station BW.RNHA. from inventory
removing station BW.UH5. from inventory
removing station BW.KW4. from inventory
removing station BW.UH3. from inventory
removing station BW.WRNG. from inventory
removing station BW.ULIP. from inventory
removing station BW.BE1. from inventory
removing station Z3.A350A. from inventory
removing station Z3.A350A.00 from inventory
removing station Z3.A352A. from inventory
removing station Z3.A352A.00 from inventory
removing station WB.HRC. from inventory
removing station WB.HRED. from inventory
removing station WB.HUC. from inventory
removing station WB.KAC. from inventory
removing station WB.KVCN. from inventory
removing station WB.NKC. from inventory
removing station WB.NKCN. from inventory
removing station WB.PLED. from inventory
removing station WB.SNED. from inventory
removed 185 stations from inventory
source-station distance range: 1.54 - 197.11 km
preparing ray tracer FastMarching for phase fm:P, fm:S
calculated travel time tables in 0.8946
warming up traveltime LUT fm:P for 68 stations and 19000 nodes
warming up traveltime LUT fm:S for 68 stations and 19000 nodes
preparing pre-processing modules
preparing SeisBench image function...
loading local SeisBench model from /home/khuzaima/project/thesis_seismology/data/PhaseNet-BohemiaSaxony.json
using CUDA for SeisBench model.
compiling SeisBench model...
preparing distance weights
starting search
maximum travel time shift 0:00:54.653713
window padding length is: 0:00:55.289217
start pre-processing images, queue size 16
start pre-processing images
starting SDS waveform reader, queue size 16
reallocating semblance memory: 2.9GiB
detected 2 energy bursts - refined 18 nodes, level 1 (2000.0 m)
detected 2 energy bursts - refined 18 nodes, level 2 (1000.0 m)
detected 2 energy bursts - refined 18 nodes, level 3 (500.0 m)
detected 2 energy bursts - refined 18 nodes, level 4 (250.0 m)
detected 2 energy bursts - refined 14 nodes, level 5 (1000.0 m)
reallocating semblance memory: 3.0GiB
0.3% processed - batch 1/288 2024-06-01 00:05:00+00:00 in 0:00:05.512815
processing rate 5.7MiB/s
🞋 event detection 1 2024-06-01 00:01:50.500000+00:00: 50.02071°, 11.97080°, depth 15.4 m, border distance 10906.2 m, semblance 0.152, magnitude 0.00
0.7% processed - batch 2/288 2024-06-01 00:10:00+00:00 in 0:00:00.888551
processing rate 27.5MiB/s
1.0% processed - batch 3/288 2024-06-01 00:15:00+00:00 in 0:00:00.842889
processing rate 29.0MiB/s
1.4% processed - batch 4/288 2024-06-01 00:20:00+00:00 in 0:00:00.824131
processing rate 29.6MiB/s
1.7% processed - batch 5/288 2024-06-01 00:25:00+00:00 in 0:00:00.779942
processing rate 31.3MiB/s
detected 1 energy burst - refined 27 nodes, level 1 (2000.0 m)
detected 1 energy burst - refined 27 nodes, level 2 (1000.0 m)
detected 1 energy burst - refined 22 nodes, level 3 (1000.0 m)
detected 1 energy burst - refined 27 nodes, level 4 (250.0 m)
detected 1 energy burst - refined 22 nodes, level 5 (250.0 m)
detected 1 energy burst - refined 4 nodes, level 5 (125.0 m)
2.1% processed - batch 6/288 2024-06-01 00:30:00+00:00 in 0:00:01.565058
processing rate 15.6MiB/s
🞋 event detection 2 2024-06-01 00:27:23.110000+00:00: 49.95180°, 12.06034°, depth 13023.2 m, border distance 6968.8 m, semblance 0.156, magnitude 0.00
2.4% processed - batch 7/288 2024-06-01 00:35:00+00:00 in 0:00:00.753366
processing rate 32.4MiB/s
2.8% processed - batch 8/288 2024-06-01 00:40:00+00:00 in 0:00:00.730881
processing rate 33.4MiB/s
3.1% processed - batch 9/288 2024-06-01 00:45:00+00:00 in 0:00:00.748660
processing rate 32.6MiB/s
3.5% processed - batch 10/288 2024-06-01 00:50:00+00:00 in 0:00:00.734975
processing rate 33.2MiB/s
3.8% processed - batch 11/288 2024-06-01 00:55:00+00:00 in 0:00:00.769379
processing rate 31.7MiB/s
detected 2 energy bursts - refined 27 nodes, level 1 (2000.0 m)
detected 2 energy bursts - refined 18 nodes, level 2 (1000.0 m)
detected 2 energy bursts - refined 27 nodes, level 3 (500.0 m)
detected 2 energy bursts - refined 27 nodes, level 4 (250.0 m)
detected 2 energy bursts - refined 22 nodes, level 5 (250.0 m)
detected 2 energy bursts - refined 22 nodes, level 5 (250.0 m)
4.2% processed - batch 12/288 2024-06-01 01:00:00+00:00 in 0:00:01.625606
processing rate 15.0MiB/s
🞋 event detection 3 2024-06-01 00:59:49.550000+00:00: 49.85180°, 12.00505°, depth 1665.1 m, border distance 9093.8 m, semblance 0.104, magnitude 0.00
4.5% processed - batch 13/288 2024-06-01 01:05:00+00:00 in 0:00:00.717337
processing rate 32.7MiB/s
4.9% processed - batch 14/288 2024-06-01 01:10:00+00:00 in 0:00:00.718174
processing rate 43.2MiB/s
detected 1 energy burst - refined 27 nodes, level 1 (2000.0 m)
detected 1 energy burst - refined 22 nodes, level 2 (2000.0 m)
detected 1 energy burst - refined 45 nodes, level 3 (1000.0 m)
detected 1 energy burst - refined 37 nodes, level 4 (2000.0 m)
detected 1 energy burst - refined 44 nodes, level 5 (500.0 m)
detected 1 energy burst - refined 26 nodes, level 5 (250.0 m)
detected 1 energy burst - refined 4 nodes, level 5 (250.0 m)
detected 1 energy burst - refined 4 nodes, level 5 (125.0 m)
5.2% processed - batch 15/288 2024-06-01 01:15:00+00:00 in 0:00:01.794804
processing rate 13.6MiB/s
🞋 event detection 4 2024-06-01 01:13:57.730000+00:00: 49.93332°, 12.07364°, depth 13723.4 m, border distance 6281.2 m, semblance 0.133, magnitude 0.00
5.6% processed - batch 16/288 2024-06-01 01:20:00+00:00 in 0:00:00.734239
processing rate 43.5MiB/s
5.9% processed - batch 17/288 2024-06-01 01:25:00+00:00 in 0:00:00.746945
processing rate 42.8MiB/s
6.2% processed - batch 18/288 2024-06-01 01:30:00+00:00 in 0:00:00.747132
processing rate 42.8MiB/s
detected 1 energy burst - refined 27 nodes, level 1 (2000.0 m)
detected 1 energy burst - refined 18 nodes, level 2 (1000.0 m)
detected 1 energy burst - refined 18 nodes, level 3 (500.0 m)
detected 1 energy burst - refined 22 nodes, level 4 (500.0 m)
detected 1 energy burst - refined 18 nodes, level 5 (500.0 m)
detected 1 energy burst - refined 4 nodes, level 5 (125.0 m)
6.6% processed - batch 19/288 2024-06-01 01:35:00+00:00 in 0:00:01.481176
processing rate 21.6MiB/s
🞋 event detection 5 2024-06-01 01:32:09.010000+00:00: 50.54775°, 12.50431°, depth 883.5 m, border distance 13531.2 m, semblance 0.138, magnitude 0.00
6.9% processed - batch 20/288 2024-06-01 01:40:00+00:00 in 0:00:00.748064
processing rate 42.7MiB/s
7.3% processed - batch 21/288 2024-06-01 01:45:00+00:00 in 0:00:00.771865
processing rate 31.6MiB/s
7.6% processed - batch 22/288 2024-06-01 01:50:00+00:00 in 0:00:00.749945
processing rate 32.6MiB/s
8.0% processed - batch 23/288 2024-06-01 01:55:00+00:00 in 0:00:00.734440
processing rate 32.8MiB/s
8.3% processed - batch 24/288 2024-06-01 02:00:00+00:00 in 0:00:00.721064
processing rate 33.9MiB/s
8.7% processed - batch 25/288 2024-06-01 02:05:00+00:00 in 0:00:00.748852
processing rate 42.7MiB/s
9.0% processed - batch 26/288 2024-06-01 02:10:00+00:00 in 0:00:00.746781
processing rate 32.7MiB/s
9.4% processed - batch 27/288 2024-06-01 02:15:00+00:00 in 0:00:00.731481
processing rate 68.1MiB/s
9.7% processed - batch 28/288 2024-06-01 02:20:00+00:00 in 0:00:00.732062
processing rate 33.4MiB/s
10.1% processed - batch 29/288 2024-06-01 02:25:00+00:00 in 0:00:00.735880
processing rate 43.4MiB/s
detected 1 energy burst - refined 18 nodes, level 1 (2000.0 m)
detected 1 energy burst - refined 27 nodes, level 2 (1000.0 m)
detected 1 energy burst - refined 27 nodes, level 3 (500.0 m)
detected 1 energy burst - refined 27 nodes, level 4 (250.0 m)
detected 1 energy burst - refined 22 nodes, level 5 (500.0 m)
detected 1 energy burst - refined 2 nodes, level 4 (250.0 m)
detected 1 energy burst - refined 4 nodes, level 5 (125.0 m)
10.4% processed - batch 30/288 2024-06-01 02:30:00+00:00 in 0:00:01.680515
processing rate 14.5MiB/s
🞋 event detection 6 2024-06-01 02:26:48.390000+00:00: 50.26433°, 12.30096°, depth 489.6 m, border distance 19468.8 m, semblance 0.156, magnitude 0.00
10.8% processed - batch 31/288 2024-06-01 02:35:00+00:00 in 0:00:00.742030
processing rate 32.9MiB/s
11.1% processed - batch 32/288 2024-06-01 02:40:00+00:00 in 0:00:00.736780
processing rate 33.2MiB/s
11.5% processed - batch 33/288 2024-06-01 02:45:00+00:00 in 0:00:00.729590
processing rate 68.3MiB/s
11.8% processed - batch 34/288 2024-06-01 02:50:00+00:00 in 0:00:00.717657
processing rate 34.0MiB/s
12.2% processed - batch 35/288 2024-06-01 02:55:00+00:00 in 0:00:00.749887
processing rate 66.4MiB/s
12.5% processed - batch 36/288 2024-06-01 03:00:00+00:00 in 0:00:00.747414
processing rate 32.7MiB/s
12.8% processed - batch 37/288 2024-06-01 03:05:00+00:00 in 0:00:00.722203
processing rate 33.8MiB/s
13.2% processed - batch 38/288 2024-06-01 03:10:00+00:00 in 0:00:00.748455
processing rate 32.6MiB/s
13.5% processed - batch 39/288 2024-06-01 03:15:00+00:00 in 0:00:00.744707
processing rate 32.8MiB/s
13.9% processed - batch 40/288 2024-06-01 03:20:00+00:00 in 0:00:00.728254
processing rate 33.5MiB/s
14.2% processed - batch 41/288 2024-06-01 03:25:00+00:00 in 0:00:00.724937
processing rate 33.7MiB/s
detected 1 energy burst - refined 18 nodes, level 1 (2000.0 m)
detected 1 energy burst - refined 22 nodes, level 2 (2000.0 m)
detected 1 energy burst - refined 46 nodes, level 3 (1000.0 m)
detected 1 energy burst - refined 23 nodes, level 4 (500.0 m)
detected 1 energy burst - refined 27 nodes, level 5 (125.0 m)
14.6% processed - batch 42/288 2024-06-01 03:30:00+00:00 in 0:00:01.390695
processing rate 17.6MiB/s
🞋 event detection 7 2024-06-01 03:28:54.870000+00:00: 49.86402°, 12.14708°, depth 2192.4 m, border distance 10406.2 m, semblance 0.148, magnitude 0.00
14.9% processed - batch 43/288 2024-06-01 03:35:00+00:00 in 0:00:00.730674
processing rate 33.4MiB/s
15.3% processed - batch 44/288 2024-06-01 03:40:00+00:00 in 0:00:00.722725
processing rate 33.8MiB/s
15.6% processed - batch 45/288 2024-06-01 03:45:00+00:00 in 0:00:00.722143
processing rate 33.8MiB/s
detected 2 energy bursts - refined 27 nodes, level 1 (2000.0 m)
detected 2 energy bursts - refined 27 nodes, level 2 (1000.0 m)
detected 2 energy bursts - refined 22 nodes, level 3 (1000.0 m)
detected 2 energy bursts - refined 42 nodes, level 4 (500.0 m)
detected 2 energy bursts - refined 37 nodes, level 5 (2000.0 m)
detected 2 energy bursts - refined 31 nodes, level 5 (125.0 m)
detected 2 energy bursts - refined 3 nodes, level 2 (1000.0 m)
detected 2 energy bursts - refined 3 nodes, level 3 (500.0 m)
detected 2 energy bursts - refined 3 nodes, level 4 (250.0 m)
detected 2 energy bursts - refined 18 nodes, level 5 (500.0 m)
detected 2 energy bursts - refined 14 nodes, level 5 (250.0 m)
detected 2 energy bursts - refined 6 nodes, level 5 (125.0 m)
16.0% processed - batch 46/288 2024-06-01 03:50:00+00:00 in 0:00:02.233920
processing rate 10.9MiB/s
🞋 event detection 8 2024-06-01 03:48:00.360000+00:00: 49.83922°, 11.97968°, depth 11594.1 m, border distance 7718.8 m, semblance 0.167, magnitude 0.00
detected 1 energy burst - refined 27 nodes, level 1 (2000.0 m)
16.3% processed - batch 47/288 2024-06-01 03:55:00+00:00 in 0:00:00.858605
processing rate 28.4MiB/s
16.7% processed - batch 48/288 2024-06-01 04:00:00+00:00 in 0:00:00.727737
processing rate 33.6MiB/s
detected 1 energy burst - refined 18 nodes, level 1 (2000.0 m)
detected 1 energy burst - refined 18 nodes, level 2 (1000.0 m)
detected 1 energy burst - refined 27 nodes, level 3 (500.0 m)
detected 1 energy burst - refined 18 nodes, level 4 (250.0 m)
detected 1 energy burst - refined 27 nodes, level 5 (125.0 m)
detected 1 energy burst - refined 4 nodes, level 5 (125.0 m)
17.0% processed - batch 49/288 2024-06-01 04:05:00+00:00 in 0:00:01.528016
processing rate 15.4MiB/s
🞋 event detection 9 2024-06-01 04:02:21.600000+00:00: 49.80991°, 12.18502°, depth 289.2 m, border distance 4406.2 m, semblance 0.131, magnitude 0.00
detected 1 energy burst - refined 18 nodes, level 1 (2000.0 m)
detected 1 energy burst - refined 42 nodes, level 2 (2000.0 m)
detected 1 energy burst - refined 27 nodes, level 3 (500.0 m)
detected 1 energy burst - refined 20 nodes, level 4 (1000.0 m)
detected 1 energy burst - refined 20 nodes, level 5 (500.0 m)
detected 1 energy burst - refined 18 nodes, level 4 (500.0 m)
detected 1 energy burst - refined 37 nodes, level 5 (250.0 m)
detected 1 energy burst - refined 31 nodes, level 5 (125.0 m)
detected 1 energy burst - refined 1 nodes, level 2 (1000.0 m)
detected 1 energy burst - refined 1 nodes, level 3 (500.0 m)
detected 1 energy burst - refined 1 nodes, level 4 (250.0 m)
detected 1 energy burst - refined 4 nodes, level 5 (125.0 m)
detected 1 energy burst - refined 4 nodes, level 5 (125.0 m)
17.4% processed - batch 50/288 2024-06-01 04:10:00+00:00 in 0:00:02.224051
processing rate 10.6MiB/s
🞋 event detection 10 2024-06-01 04:09:39.350000+00:00: 49.95806°, 12.05107°, depth 881.8 m, border distance 16593.8 m, semblance 0.143, magnitude 0.00
detected 1 energy burst - refined 27 nodes, level 1 (2000.0 m)
detected 1 energy burst - refined 27 nodes, level 2 (1000.0 m)
detected 1 energy burst - refined 27 nodes, level 3 (500.0 m)
detected 1 energy burst - refined 27 nodes, level 4 (250.0 m)
detected 1 energy burst - refined 27 nodes, level 5 (125.0 m)
17.7% processed - batch 51/288 2024-06-01 04:15:00+00:00 in 0:00:01.370642
processing rate 17.8MiB/s
detected 1 energy burst - refined 27 nodes, level 1 (2000.0 m)
detected 1 energy burst - refined 22 nodes, level 2 (2000.0 m)
detected 1 energy burst - refined 22 nodes, level 3 (1000.0 m)
detected 1 energy burst - refined 61 nodes, level 4 (500.0 m)
detected 1 energy burst - refined 44 nodes, level 5 (1000.0 m)
detected 1 energy burst - refined 26 nodes, level 5 (500.0 m)
detected 1 energy burst - refined 2 nodes, level 4 (250.0 m)
detected 1 energy burst - refined 18 nodes, level 5 (250.0 m)
detected 1 energy burst - refined 24 nodes, level 5 (500.0 m)
detected 1 energy burst - refined 2 nodes, level 4 (250.0 m)
detected 1 energy burst - refined 18 nodes, level 5 (250.0 m)
detected 1 energy burst - refined 6 nodes, level 5 (125.0 m)
18.1% processed - batch 52/288 2024-06-01 04:20:00+00:00 in 0:00:02.532538
processing rate 9.6MiB/s
🞋 event detection 11 2024-06-01 04:15:48.010000+00:00: 49.82444°, 12.16828°, depth 2240.7 m, border distance 6031.2 m, semblance 0.214, magnitude 0.00
detected 2 energy bursts - refined 27 nodes, level 1 (2000.0 m)
detected 2 energy bursts - refined 18 nodes, level 2 (2000.0 m)
detected 2 energy bursts - refined 32 nodes, level 3 (1000.0 m)
detected 2 energy bursts - refined 37 nodes, level 4 (1000.0 m)
detected 2 energy bursts - refined 40 nodes, level 5 (1000.0 m)
detected 2 energy bursts - refined 29 nodes, level 5 (250.0 m)
18.4% processed - batch 53/288 2024-06-01 04:25:00+00:00 in 0:00:01.523791
processing rate 16.0MiB/s
🞋 event detection 12 2024-06-01 04:24:45.750000+00:00: 50.60764°, 12.68751°, depth 1930.9 m, border distance 6843.8 m, semblance 0.131, magnitude 0.00
18.8% processed - batch 54/288 2024-06-01 04:30:00+00:00 in 0:00:00.726131
processing rate 33.6MiB/s
19.1% processed - batch 55/288 2024-06-01 04:35:00+00:00 in 0:00:00.751196
processing rate 32.5MiB/s
detected 1 energy burst - refined 18 nodes, level 1 (2000.0 m)
detected 1 energy burst - refined 22 nodes, level 2 (2000.0 m)
detected 1 energy burst - refined 27 nodes, level 3 (500.0 m)
detected 1 energy burst - refined 27 nodes, level 4 (250.0 m)
detected 1 energy burst - refined 22 nodes, level 5 (250.0 m)
detected 1 energy burst - refined 4 nodes, level 5 (125.0 m)
detected 1 energy burst - refined 6 nodes, level 5 (125.0 m)
19.4% processed - batch 56/288 2024-06-01 04:40:00+00:00 in 0:00:01.600992
processing rate 15.3MiB/s
🞋 event detection 13 2024-06-01 04:36:31.820000+00:00: 49.82728°, 11.91344°, depth 2614.6 m, border distance 6406.2 m, semblance 0.174, magnitude 0.00
19.8% processed - batch 57/288 2024-06-01 04:45:00+00:00 in 0:00:00.747085
processing rate 32.7MiB/s
detected 2 energy bursts - refined 27 nodes, level 1 (2000.0 m)
detected 2 energy bursts - refined 22 nodes, level 2 (2000.0 m)
detected 2 energy bursts - refined 22 nodes, level 3 (1000.0 m)
detected 2 energy bursts - refined 27 nodes, level 4 (250.0 m)
detected 2 energy bursts - refined 27 nodes, level 5 (125.0 m)
20.1% processed - batch 58/288 2024-06-01 04:50:00+00:00 in 0:00:01.418702
processing rate 22.5MiB/s
🞋 event detection 14 2024-06-01 04:48:30.150000+00:00: 49.82120°, 12.16986°, depth 7489.6 m, border distance 5656.2 m, semblance 0.140, magnitude 0.00
20.5% processed - batch 59/288 2024-06-01 04:55:00+00:00 in 0:00:00.749409
processing rate 32.6MiB/s
detected 1 energy burst - refined 18 nodes, level 1 (2000.0 m)
detected 1 energy burst - refined 18 nodes, level 2 (1000.0 m)
detected 1 energy burst - refined 18 nodes, level 3 (500.0 m)
detected 1 energy burst - refined 18 nodes, level 4 (250.0 m)
detected 1 energy burst - refined 14 nodes, level 5 (500.0 m)
detected 1 energy burst - refined 1 nodes, level 4 (250.0 m)
detected 1 energy burst - refined 4 nodes, level 5 (125.0 m)
20.8% processed - batch 60/288 2024-06-01 05:00:00+00:00 in 0:00:01.648718
processing rate 14.8MiB/s
🞋 event detection 15 2024-06-01 04:58:32.610000+00:00: 50.24556°, 12.32234°, depth 101.7 m, border distance 19906.2 m, semblance 0.279, magnitude 0.00
21.2% processed - batch 61/288 2024-06-01 05:05:00+00:00 in 0:00:00.700713
processing rate 33.5MiB/s
detected 2 energy bursts - refined 36 nodes, level 1 (2000.0 m)
detected 2 energy bursts - refined 45 nodes, level 2 (1000.0 m)
detected 2 energy bursts - refined 40 nodes, level 3 (1000.0 m)
detected 2 energy bursts - refined 40 nodes, level 4 (500.0 m)
detected 2 energy bursts - refined 76 nodes, level 5 (500.0 m)
21.5% processed - batch 62/288 2024-06-01 05:10:00+00:00 in 0:00:01.573521
processing rate 14.9MiB/s
🞋 event detection 16 2024-06-01 05:09:14.630000+00:00: 49.79496°, 11.91063°, depth 154.8 m, border distance 2843.8 m, semblance 0.180, magnitude 0.00
🞋 event detection 17 2024-06-01 05:09:43.060000+00:00: 49.82654°, 12.16711°, depth 1322.9 m, border distance 6281.2 m, semblance 0.199, magnitude 0.00
21.9% processed - batch 63/288 2024-06-01 05:15:00+00:00 in 0:00:00.730133
processing rate 33.5MiB/s
22.2% processed - batch 64/288 2024-06-01 05:20:00+00:00 in 0:00:00.747752
processing rate 32.7MiB/s
detected 1 energy burst - refined 27 nodes, level 1 (2000.0 m)
detected 1 energy burst - refined 18 nodes, level 2 (1000.0 m)
detected 1 energy burst - refined 22 nodes, level 3 (1000.0 m)
detected 1 energy burst - refined 43 nodes, level 4 (500.0 m)
detected 1 energy burst - refined 54 nodes, level 5 (250.0 m)
detected 1 energy burst - refined 27 nodes, level 5 (125.0 m)
22.6% processed - batch 65/288 2024-06-01 05:25:00+00:00 in 0:00:01.577005
processing rate 15.5MiB/s
🞋 event detection 18 2024-06-01 05:23:14.240000+00:00: 49.87380°, 12.13490°, depth 219.6 m, border distance 11531.2 m, semblance 0.180, magnitude 0.00
22.9% processed - batch 66/288 2024-06-01 05:30:00+00:00 in 0:00:00.748193
processing rate 32.6MiB/s
detected 1 energy burst - refined 27 nodes, level 1 (2000.0 m)
detected 1 energy burst - refined 27 nodes, level 2 (1000.0 m)
detected 1 energy burst - refined 22 nodes, level 3 (2000.0 m)
detected 1 energy burst - refined 27 nodes, level 4 (250.0 m)
detected 1 energy burst - refined 27 nodes, level 5 (125.0 m)
23.3% processed - batch 67/288 2024-06-01 05:35:00+00:00 in 0:00:01.393890
processing rate 17.5MiB/s
🞋 event detection 19 2024-06-01 05:32:48.720000+00:00: 49.84434°, 11.90905°, depth 6416.8 m, border distance 6343.8 m, semblance 0.185, magnitude 0.00
detected 3 energy bursts - refined 72 nodes, level 1 (2000.0 m)
detected 3 energy bursts - refined 90 nodes, level 2 (2000.0 m)
detected 3 energy bursts - refined 101 nodes, level 3 (2000.0 m)
detected 3 energy bursts - refined 98 nodes, level 4 (1000.0 m)
reallocating semblance memory: 3.3GiB
detected 3 energy bursts - refined 98 nodes, level 5 (500.0 m)
detected 3 energy bursts - refined 49 nodes, level 5 (250.0 m)
reallocating semblance memory: 3.5GiB
detected 3 energy bursts - refined 22 nodes, level 5 (125.0 m)
23.6% processed - batch 68/288 2024-06-01 05:40:00+00:00 in 0:00:03.804219
processing rate 6.4MiB/s
🞋 event detection 20 2024-06-01 05:36:38.910000+00:00: 50.00954°, 12.06940°, depth -10.4 m, border distance 17906.2 m, semblance 0.198, magnitude 0.00
🞋 event detection 21 2024-06-01 05:37:34.740000+00:00: 49.88412°, 11.97179°, depth 11777.3 m, border distance 8218.8 m, semblance 0.193, magnitude 0.00
🞋 event detection 22 2024-06-01 05:39:42.050000+00:00: 49.90296°, 12.02854°, depth 2506.4 m, border distance 14781.2 m, semblance 0.225, magnitude 0.00
24.0% processed - batch 69/288 2024-06-01 05:45:00+00:00 in 0:00:00.809826
processing rate 30.2MiB/s
24.3% processed - batch 70/288 2024-06-01 05:50:00+00:00 in 0:00:00.783165
processing rate 31.2MiB/s
24.7% processed - batch 71/288 2024-06-01 05:55:00+00:00 in 0:00:00.766672
processing rate 31.9MiB/s
25.0% processed - batch 72/288 2024-06-01 06:00:00+00:00 in 0:00:00.766594
processing rate 31.9MiB/s
detected 1 energy burst - refined 18 nodes, level 1 (2000.0 m)
detected 1 energy burst - refined 22 nodes, level 2 (2000.0 m)
detected 1 energy burst - refined 27 nodes, level 3 (500.0 m)
detected 1 energy burst - refined 15 nodes, level 4 (1000.0 m)
detected 1 energy burst - refined 22 nodes, level 5 (250.0 m)
detected 1 energy burst - refined 6 nodes, level 5 (250.0 m)
detected 1 energy burst - refined 6 nodes, level 5 (125.0 m)
25.3% processed - batch 73/288 2024-06-01 06:05:00+00:00 in 0:00:01.599675
processing rate 19.4MiB/s
🞋 event detection 23 2024-06-01 06:04:53.860000+00:00: 49.84631°, 12.15754°, depth 3366.4 m, border distance 8468.8 m, semblance 0.143, magnitude 0.00
25.7% processed - batch 74/288 2024-06-01 06:10:00+00:00 in 0:00:00.774554
processing rate 30.3MiB/s
26.0% processed - batch 75/288 2024-06-01 06:15:00+00:00 in 0:00:00.772672
processing rate 31.6MiB/s
detected 2 energy bursts - refined 54 nodes, level 1 (2000.0 m)
detected 2 energy bursts - refined 40 nodes, level 2 (2000.0 m)
detected 2 energy bursts - refined 72 nodes, level 3 (2000.0 m)
detected 2 energy bursts - refined 70 nodes, level 4 (500.0 m)
detected 2 energy bursts - refined 64 nodes, level 5 (1000.0 m)
detected 2 energy bursts - refined 29 nodes, level 5 (500.0 m)
26.4% processed - batch 76/288 2024-06-01 06:20:00+00:00 in 0:00:01.912252
processing rate 12.8MiB/s
🞋 event detection 24 2024-06-01 06:16:30.890000+00:00: 49.88727°, 12.18045°, depth 2130.1 m, border distance 13031.2 m, semblance 0.178, magnitude 0.00
🞋 event detection 25 2024-06-01 06:18:55.470000+00:00: 49.87401°, 12.02148°, depth 4157.9 m, border distance 11593.8 m, semblance 0.197, magnitude 0.00
detected 1 energy burst - refined 27 nodes, level 1 (2000.0 m)
detected 1 energy burst - refined 27 nodes, level 2 (1000.0 m)
detected 1 energy burst - refined 22 nodes, level 3 (2000.0 m)
detected 1 energy burst - refined 27 nodes, level 4 (250.0 m)
detected 1 energy burst - refined 22 nodes, level 5 (250.0 m)
26.7% processed - batch 77/288 2024-06-01 06:25:00+00:00 in 0:00:01.465707
processing rate 16.7MiB/s
🞋 event detection 26 2024-06-01 06:24:36.970000+00:00: 49.85647°, 12.18775°, depth 2419.6 m, border distance 9593.8 m, semblance 0.230, magnitude 0.00
27.1% processed - batch 78/288 2024-06-01 06:30:00+00:00 in 0:00:00.764642
processing rate 31.9MiB/s
27.4% processed - batch 79/288 2024-06-01 06:35:00+00:00 in 0:00:00.736205
processing rate 33.2MiB/s
27.8% processed - batch 80/288 2024-06-01 06:40:00+00:00 in 0:00:00.746976
processing rate 32.7MiB/s
28.1% processed - batch 81/288 2024-06-01 06:45:00+00:00 in 0:00:00.777460
processing rate 31.4MiB/s
28.5% processed - batch 82/288 2024-06-01 06:50:00+00:00 in 0:00:00.754351
processing rate 32.4MiB/s
28.8% processed - batch 83/288 2024-06-01 06:55:00+00:00 in 0:00:00.793301
processing rate 30.8MiB/s
29.2% processed - batch 84/288 2024-06-01 07:00:00+00:00 in 0:00:00.766108
processing rate 31.9MiB/s
detected 1 energy burst - refined 18 nodes, level 1 (2000.0 m)
detected 1 energy burst - refined 14 nodes, level 2 (2000.0 m)
detected 1 energy burst - refined 18 nodes, level 3 (500.0 m)
detected 1 energy burst - refined 20 nodes, level 4 (1000.0 m)
detected 1 energy burst - refined 18 nodes, level 5 (125.0 m)
29.5% processed - batch 85/288 2024-06-01 07:05:00+00:00 in 0:00:01.481502
processing rate 16.5MiB/s
🞋 event detection 27 2024-06-01 07:03:21.430000+00:00: 50.21933°, 12.42322°, depth -10.4 m, border distance 19968.8 m, semblance 0.208, magnitude 0.00
detected 1 energy burst - refined 18 nodes, level 1 (2000.0 m)
detected 1 energy burst - refined 27 nodes, level 2 (1000.0 m)
detected 1 energy burst - refined 22 nodes, level 3 (1000.0 m)
detected 1 energy burst - refined 55 nodes, level 4 (500.0 m)
detected 1 energy burst - refined 41 nodes, level 5 (1000.0 m)
detected 1 energy burst - refined 15 nodes, level 5 (500.0 m)
detected 1 energy burst - refined 2 nodes, level 4 (250.0 m)
detected 1 energy burst - refined 12 nodes, level 5 (125.0 m)
detected 1 energy burst - refined 2 nodes, level 4 (250.0 m)
detected 1 energy burst - refined 2 nodes, level 5 (125.0 m)
29.9% processed - batch 86/288 2024-06-01 07:10:00+00:00 in 0:00:02.179263
processing rate 14.7MiB/s
🞋 event detection 28 2024-06-01 07:08:20.860000+00:00: 50.61300°, 12.68021°, depth -10.4 m, border distance 6218.8 m, semblance 0.117, magnitude 0.00
30.2% processed - batch 87/288 2024-06-01 07:15:00+00:00 in 0:00:00.771355
processing rate 31.7MiB/s
30.6% processed - batch 88/288 2024-06-01 07:20:00+00:00 in 0:00:00.738982
processing rate 33.1MiB/s
30.9% processed - batch 89/288 2024-06-01 07:25:00+00:00 in 0:00:00.738132
processing rate 33.1MiB/s
31.2% processed - batch 90/288 2024-06-01 07:30:00+00:00 in 0:00:00.731325
processing rate 33.4MiB/s
31.6% processed - batch 91/288 2024-06-01 07:35:00+00:00 in 0:00:00.756271
processing rate 65.9MiB/s
detected 1 energy burst - refined 27 nodes, level 1 (2000.0 m)
detected 1 energy burst - refined 22 nodes, level 2 (2000.0 m)
detected 1 energy burst - refined 27 nodes, level 3 (500.0 m)
detected 1 energy burst - refined 27 nodes, level 4 (250.0 m)
detected 1 energy burst - refined 27 nodes, level 5 (125.0 m)
31.9% processed - batch 92/288 2024-06-01 07:40:00+00:00 in 0:00:01.485052
processing rate 16.4MiB/s
🞋 event detection 29 2024-06-01 07:37:06.600000+00:00: 49.83002°, 12.06031°, depth 4712.8 m, border distance 6656.2 m, semblance 0.215, magnitude 0.00
32.3% processed - batch 93/288 2024-06-01 07:45:00+00:00 in 0:00:00.740518
processing rate 33.0MiB/s
detected 3 energy bursts - refined 75 nodes, level 1 (2000.0 m)
detected 3 energy bursts - refined 72 nodes, level 2 (2000.0 m)
detected 3 energy bursts - refined 69 nodes, level 3 (2000.0 m)
detected 3 energy bursts - refined 62 nodes, level 4 (1000.0 m)
detected 3 energy bursts - refined 87 nodes, level 5 (500.0 m)
detected 3 energy bursts - refined 52 nodes, level 5 (500.0 m)
detected 3 energy bursts - refined 20 nodes, level 5 (125.0 m)
detected 3 energy bursts - refined 4 nodes, level 5 (125.0 m)
32.6% processed - batch 94/288 2024-06-01 07:50:00+00:00 in 0:00:02.201783
processing rate 11.1MiB/s
🞋 event detection 30 2024-06-01 07:45:56.480000+00:00: 49.83055°, 12.16585°, depth 4108.3 m, border distance 6718.8 m, semblance 0.249, magnitude 0.00
🞋 event detection 31 2024-06-01 07:48:06.280000+00:00: 49.83064°, 12.21268°, depth 1758.6 m, border distance 6718.8 m, semblance 0.249, magnitude 0.00
🞋 event detection 32 2024-06-01 07:48:29.460000+00:00: 49.99319°, 12.01621°, depth 3591.4 m, border distance 14156.2 m, semblance 0.243, magnitude 0.00
detected 1 energy burst - refined 27 nodes, level 1 (2000.0 m)
detected 1 energy burst - refined 18 nodes, level 2 (1000.0 m)
detected 1 energy burst - refined 27 nodes, level 3 (500.0 m)
detected 1 energy burst - refined 18 nodes, level 4 (500.0 m)
detected 1 energy burst - refined 18 nodes, level 5 (250.0 m)
detected 1 energy burst - refined 4 nodes, level 5 (125.0 m)
33.0% processed - batch 95/288 2024-06-01 07:55:00+00:00 in 0:00:01.540506
processing rate 15.9MiB/s
🞋 event detection 33 2024-06-01 07:54:02.950000+00:00: 50.00954°, 12.10474°, depth 750.0 m, border distance 19281.2 m, semblance 0.162, magnitude 0.00
detected 1 energy burst - refined 27 nodes, level 1 (2000.0 m)
detected 1 energy burst - refined 22 nodes, level 2 (2000.0 m)
detected 1 energy burst - refined 22 nodes, level 3 (1000.0 m)
detected 1 energy burst - refined 27 nodes, level 4 (250.0 m)
detected 1 energy burst - refined 27 nodes, level 5 (125.0 m)
33.3% processed - batch 96/288 2024-06-01 08:00:00+00:00 in 0:00:01.427091
processing rate 17.1MiB/s
🞋 event detection 34 2024-06-01 07:58:14.180000+00:00: 49.82386°, 12.14686°, depth 5322.6 m, border distance 5968.8 m, semblance 0.190, magnitude 0.00
33.7% processed - batch 97/288 2024-06-01 08:05:00+00:00 in 0:00:00.717299
processing rate 34.1MiB/s
34.0% processed - batch 98/288 2024-06-01 08:10:00+00:00 in 0:00:00.715521
processing rate 34.1MiB/s
detected 1 energy burst - refined 27 nodes, level 1 (2000.0 m)
detected 1 energy burst - refined 27 nodes, level 2 (1000.0 m)
detected 1 energy burst - refined 27 nodes, level 3 (500.0 m)
detected 1 energy burst - refined 27 nodes, level 4 (250.0 m)
detected 1 energy burst - refined 22 nodes, level 5 (250.0 m)
detected 1 energy burst - refined 4 nodes, level 5 (125.0 m)
34.4% processed - batch 99/288 2024-06-01 08:15:00+00:00 in 0:00:01.557046
processing rate 32.0MiB/s
🞋 event detection 35 2024-06-01 08:14:07.590000+00:00: 49.95134°, 12.08923°, depth 2006.8 m, border distance 17968.8 m, semblance 0.178, magnitude 0.00
34.7% processed - batch 100/288 2024-06-01 08:20:00+00:00 in 0:00:00.738425
processing rate 33.1MiB/s
35.1% processed - batch 101/288 2024-06-01 08:25:00+00:00 in 0:00:00.742291
processing rate 43.0MiB/s
detected 1 energy burst - refined 27 nodes, level 1 (2000.0 m)
detected 1 energy burst - refined 22 nodes, level 2 (2000.0 m)
detected 1 energy burst - refined 49 nodes, level 3 (2000.0 m)
detected 1 energy burst - refined 61 nodes, level 4 (1000.0 m)
detected 1 energy burst - refined 44 nodes, level 5 (500.0 m)
detected 1 energy burst - refined 28 nodes, level 5 (250.0 m)
detected 1 energy burst - refined 18 nodes, level 5 (125.0 m)
35.4% processed - batch 102/288 2024-06-01 08:30:00+00:00 in 0:00:01.728914
processing rate 14.1MiB/s
🞋 event detection 36 2024-06-01 08:28:01.210000+00:00: 49.81041°, 12.24602°, depth 1900.2 m, border distance 4468.8 m, semblance 0.277, magnitude 0.00
detected 1 energy burst - refined 27 nodes, level 1 (2000.0 m)
detected 1 energy burst - refined 27 nodes, level 2 (1000.0 m)
detected 1 energy burst - refined 27 nodes, level 3 (500.0 m)
detected 1 energy burst - refined 27 nodes, level 4 (250.0 m)
detected 1 energy burst - refined 22 nodes, level 5 (250.0 m)
35.8% processed - batch 103/288 2024-06-01 08:35:00+00:00 in 0:00:01.345139
processing rate 18.2MiB/s
🞋 event detection 37 2024-06-01 08:30:09.920000+00:00: 49.87012°, 12.14710°, depth 818.4 m, border distance 11093.8 m, semblance 0.202, magnitude 0.00
36.1% processed - batch 104/288 2024-06-01 08:40:00+00:00 in 0:00:00.716586
processing rate 34.1MiB/s
36.5% processed - batch 105/288 2024-06-01 08:45:00+00:00 in 0:00:00.735478
processing rate 43.4MiB/s
detected 1 energy burst - refined 27 nodes, level 1 (2000.0 m)
detected 1 energy burst - refined 18 nodes, level 2 (1000.0 m)
detected 1 energy burst - refined 18 nodes, level 3 (500.0 m)
detected 1 energy burst - refined 18 nodes, level 4 (250.0 m)
detected 1 energy burst - refined 22 nodes, level 5 (250.0 m)
36.8% processed - batch 106/288 2024-06-01 08:50:00+00:00 in 0:00:01.712495
processing rate 14.3MiB/s
🞋 event detection 38 2024-06-01 08:48:10.500000+00:00: 49.85319°, 12.21651°, depth 417.4 m, border distance 9218.8 m, semblance 0.252, magnitude 0.00
37.2% processed - batch 107/288 2024-06-01 08:55:00+00:00 in 0:00:00.741558
processing rate 32.9MiB/s
37.5% processed - batch 108/288 2024-06-01 09:00:00+00:00 in 0:00:00.760979
processing rate 65.4MiB/s
37.8% processed - batch 109/288 2024-06-01 09:05:00+00:00 in 0:00:00.767770
processing rate 31.8MiB/s
38.2% processed - batch 110/288 2024-06-01 09:10:00+00:00 in 0:00:00.726915
processing rate 33.6MiB/s
38.5% processed - batch 111/288 2024-06-01 09:15:00+00:00 in 0:00:00.739253
processing rate 33.0MiB/s
detected 1 energy burst - refined 27 nodes, level 1 (2000.0 m)
detected 1 energy burst - refined 27 nodes, level 2 (1000.0 m)
detected 1 energy burst - refined 22 nodes, level 3 (1000.0 m)
detected 1 energy burst - refined 61 nodes, level 4 (500.0 m)
detected 1 energy burst - refined 47 nodes, level 5 (1000.0 m)
detected 1 energy burst - refined 24 nodes, level 5 (1000.0 m)
detected 1 energy burst - refined 21 nodes, level 5 (500.0 m)
detected 1 energy burst - refined 38 nodes, level 5 (250.0 m)
detected 1 energy burst - refined 31 nodes, level 5 (125.0 m)
detected 1 energy burst - refined 1 nodes, level 3 (500.0 m)
detected 1 energy burst - refined 2 nodes, level 4 (250.0 m)
detected 1 energy burst - refined 15 nodes, level 5 (500.0 m)
detected 1 energy burst - refined 4 nodes, level 5 (250.0 m)
detected 1 energy burst - refined 18 nodes, level 5 (2000.0 m)
detected 1 energy burst - refined 1 nodes, level 2 (1000.0 m)
detected 1 energy burst - refined 1 nodes, level 3 (500.0 m)
detected 1 energy burst - refined 1 nodes, level 4 (250.0 m)
detected 1 energy burst - refined 4 nodes, level 5 (125.0 m)
detected 1 energy burst - refined 4 nodes, level 5 (125.0 m)
detected 1 energy burst - refined 1 nodes, level 4 (250.0 m)
detected 1 energy burst - refined 11 nodes, level 5 (1000.0 m)
detected 1 energy burst - refined 1 nodes, level 4 (250.0 m)
detected 1 energy burst - refined 12 nodes, level 5 (500.0 m)
detected 1 energy burst - refined 16 nodes, level 5 (1000.0 m)
38.9% processed - batch 112/288 2024-06-01 09:20:00+00:00 in 0:00:03.944914
processing rate 6.2MiB/s
🞋 event detection 39 2024-06-01 09:18:15.730000+00:00: 49.79410°, 11.90492°, depth 9197.9 m, border distance 2718.8 m, semblance 0.194, magnitude 0.00
39.2% processed - batch 113/288 2024-06-01 09:25:00+00:00 in 0:00:00.738386
processing rate 33.1MiB/s
39.6% processed - batch 114/288 2024-06-01 09:30:00+00:00 in 0:00:00.724789
processing rate 33.7MiB/s
39.9% processed - batch 115/288 2024-06-01 09:35:00+00:00 in 0:00:00.730815
processing rate 33.4MiB/s
40.3% processed - batch 116/288 2024-06-01 09:40:00+00:00 in 0:00:00.716398
processing rate 34.1MiB/s
40.6% processed - batch 117/288 2024-06-01 09:45:00+00:00 in 0:00:00.725652
processing rate 33.2MiB/s
41.0% processed - batch 118/288 2024-06-01 09:50:00+00:00 in 0:00:00.721572
processing rate 33.9MiB/s
41.3% processed - batch 119/288 2024-06-01 09:55:00+00:00 in 0:00:00.708389
processing rate 34.5MiB/s
detected 1 energy burst - refined 27 nodes, level 1 (2000.0 m)
detected 1 energy burst - refined 27 nodes, level 2 (1000.0 m)
detected 1 energy burst - refined 19 nodes, level 3 (2000.0 m)
detected 1 energy burst - refined 20 nodes, level 4 (1000.0 m)
detected 1 energy burst - refined 20 nodes, level 5 (500.0 m)
detected 1 energy burst - refined 21 nodes, level 5 (500.0 m)
detected 1 energy burst - refined 31 nodes, level 5 (250.0 m)
detected 1 energy burst - refined 33 nodes, level 5 (125.0 m)
detected 1 energy burst - refined 14 nodes, level 5 (2000.0 m)
detected 1 energy burst - refined 24 nodes, level 5 (125.0 m)
41.7% processed - batch 120/288 2024-06-01 10:00:00+00:00 in 0:00:02.111542
processing rate 11.6MiB/s
🞋 event detection 40 2024-06-01 09:58:56.160000+00:00: 50.18087°, 12.47000°, depth 10464.9 m, border distance 9531.2 m, semblance 0.276, magnitude 0.00
detected 1 energy burst - refined 27 nodes, level 1 (2000.0 m)
detected 1 energy burst - refined 22 nodes, level 2 (2000.0 m)
detected 1 energy burst - refined 56 nodes, level 3 (1000.0 m)
detected 1 energy burst - refined 42 nodes, level 4 (2000.0 m)
detected 1 energy burst - refined 45 nodes, level 5 (500.0 m)
detected 1 energy burst - refined 26 nodes, level 5 (1000.0 m)
detected 1 energy burst - refined 1 nodes, level 3 (500.0 m)
detected 1 energy burst - refined 1 nodes, level 4 (250.0 m)
detected 1 energy burst - refined 4 nodes, level 5 (125.0 m)
42.0% processed - batch 121/288 2024-06-01 10:05:00+00:00 in 0:00:01.851296
processing rate 13.2MiB/s
🞋 event detection 41 2024-06-01 10:01:07.430000+00:00: 49.82567°, 12.16669°, depth 2034.6 m, border distance 6156.2 m, semblance 0.242, magnitude 0.00
detected 1 energy burst - refined 27 nodes, level 1 (2000.0 m)
detected 1 energy burst - refined 22 nodes, level 2 (2000.0 m)
detected 1 energy burst - refined 22 nodes, level 3 (1000.0 m)
detected 1 energy burst - refined 27 nodes, level 4 (250.0 m)
detected 1 energy burst - refined 27 nodes, level 5 (125.0 m)
detected 1 energy burst - refined 2 nodes, level 3 (500.0 m)
detected 1 energy burst - refined 18 nodes, level 4 (500.0 m)
detected 1 energy burst - refined 36 nodes, level 5 (250.0 m)
detected 1 energy burst - refined 24 nodes, level 5 (1000.0 m)
detected 1 energy burst - refined 6 nodes, level 5 (1000.0 m)
detected 1 energy burst - refined 4 nodes, level 4 (500.0 m)
detected 1 energy burst - refined 20 nodes, level 5 (250.0 m)
detected 1 energy burst - refined 21 nodes, level 5 (125.0 m)
detected 1 energy burst - refined 4 nodes, level 5 (125.0 m)
42.4% processed - batch 122/288 2024-06-01 10:10:00+00:00 in 0:00:02.685630
processing rate 11.9MiB/s
🞋 event detection 42 2024-06-01 10:07:03.900000+00:00: 49.85033°, 12.11122°, depth 4623.6 m, border distance 8906.2 m, semblance 0.142, magnitude 0.00
detected 1 energy burst - refined 27 nodes, level 1 (2000.0 m)
detected 1 energy burst - refined 22 nodes, level 2 (2000.0 m)
detected 1 energy burst - refined 61 nodes, level 3 (1000.0 m)
detected 1 energy burst - refined 45 nodes, level 4 (500.0 m)
detected 1 energy burst - refined 54 nodes, level 5 (250.0 m)
detected 1 energy burst - refined 31 nodes, level 5 (125.0 m)
42.7% processed - batch 123/288 2024-06-01 10:15:00+00:00 in 0:00:01.615704
processing rate 15.1MiB/s
🞋 event detection 43 2024-06-01 10:11:38.930000+00:00: 49.82221°, 12.18677°, depth 345.4 m, border distance 5781.2 m, semblance 0.277, magnitude 0.00
43.1% processed - batch 124/288 2024-06-01 10:20:00+00:00 in 0:00:00.728309
processing rate 33.5MiB/s
43.4% processed - batch 125/288 2024-06-01 10:25:00+00:00 in 0:00:00.716016
processing rate 34.1MiB/s
43.8% processed - batch 126/288 2024-06-01 10:30:00+00:00 in 0:00:00.729007
processing rate 43.8MiB/s
44.1% processed - batch 127/288 2024-06-01 10:35:00+00:00 in 0:00:00.724471
processing rate 33.7MiB/s
44.4% processed - batch 128/288 2024-06-01 10:40:00+00:00 in 0:00:00.717616
processing rate 34.0MiB/s
44.8% processed - batch 129/288 2024-06-01 10:45:00+00:00 in 0:00:00.731055
processing rate 33.4MiB/s
45.1% processed - batch 130/288 2024-06-01 10:50:00+00:00 in 0:00:00.713059
processing rate 34.3MiB/s
45.5% processed - batch 131/288 2024-06-01 10:55:00+00:00 in 0:00:00.719653
processing rate 33.9MiB/s
detected 2 energy bursts - refined 27 nodes, level 1 (2000.0 m)
45.8% processed - batch 132/288 2024-06-01 11:00:00+00:00 in 0:00:00.852380
processing rate 28.7MiB/s
detected 2 energy bursts - refined 54 nodes, level 1 (2000.0 m)
detected 2 energy bursts - refined 54 nodes, level 2 (1000.0 m)
detected 2 energy bursts - refined 49 nodes, level 3 (1000.0 m)
detected 2 energy bursts - refined 49 nodes, level 4 (1000.0 m)
detected 2 energy bursts - refined 47 nodes, level 5 (500.0 m)
46.2% processed - batch 133/288 2024-06-01 11:05:00+00:00 in 0:00:01.624881
processing rate 15.0MiB/s
🞋 event detection 44 2024-06-01 11:01:14.330000+00:00: 49.84474°, 12.15461°, depth 7139.1 m, border distance 8281.2 m, semblance 0.247, magnitude 0.00
🞋 event detection 45 2024-06-01 11:04:36.700000+00:00: 50.04973°, 12.09926°, depth 10404.6 m, border distance 9593.8 m, semblance 0.302, magnitude 0.00
46.5% processed - batch 134/288 2024-06-01 11:10:00+00:00 in 0:00:00.732706
processing rate 33.3MiB/s
46.9% processed - batch 135/288 2024-06-01 11:15:00+00:00 in 0:00:00.719794
processing rate 33.9MiB/s
47.2% processed - batch 136/288 2024-06-01 11:20:00+00:00 in 0:00:00.710002
processing rate 34.4MiB/s
detected 1 energy burst - refined 27 nodes, level 1 (2000.0 m)
detected 1 energy burst - refined 27 nodes, level 2 (1000.0 m)
detected 1 energy burst - refined 22 nodes, level 3 (1000.0 m)
detected 1 energy burst - refined 22 nodes, level 4 (500.0 m)
detected 1 energy burst - refined 27 nodes, level 5 (125.0 m)
detected 1 energy burst - refined 4 nodes, level 5 (125.0 m)
47.6% processed - batch 137/288 2024-06-01 11:25:00+00:00 in 0:00:01.478872
processing rate 16.5MiB/s
🞋 event detection 46 2024-06-01 11:23:47.610000+00:00: 49.88218°, 12.03369°, depth 2359.8 m, border distance 12468.8 m, semblance 0.238, magnitude 0.00
47.9% processed - batch 138/288 2024-06-01 11:30:00+00:00 in 0:00:00.728938
processing rate 33.5MiB/s
detected 2 energy bursts - refined 36 nodes, level 1 (2000.0 m)
detected 2 energy bursts - refined 45 nodes, level 2 (2000.0 m)
detected 2 energy bursts - refined 14 nodes, level 3 (2000.0 m)
detected 2 energy bursts - refined 18 nodes, level 4 (250.0 m)
detected 2 energy bursts - refined 18 nodes, level 5 (125.0 m)
48.3% processed - batch 139/288 2024-06-01 11:35:00+00:00 in 0:00:01.384665
processing rate 17.6MiB/s
🞋 event detection 47 2024-06-01 11:32:00.460000+00:00: 49.98735°, 12.07739°, depth -10.4 m, border distance 18468.8 m, semblance 0.200, magnitude 0.00
48.6% processed - batch 140/288 2024-06-01 11:40:00+00:00 in 0:00:00.723157
processing rate 33.8MiB/s
49.0% processed - batch 141/288 2024-06-01 11:45:00+00:00 in 0:00:00.718651
processing rate 34.0MiB/s
49.3% processed - batch 142/288 2024-06-01 11:50:00+00:00 in 0:00:00.715196
processing rate 34.2MiB/s
detected 1 energy burst - refined 18 nodes, level 1 (2000.0 m)
detected 1 energy burst - refined 27 nodes, level 2 (1000.0 m)
detected 1 energy burst - refined 22 nodes, level 3 (1000.0 m)
detected 1 energy burst - refined 27 nodes, level 4 (250.0 m)
detected 1 energy burst - refined 22 nodes, level 5 (500.0 m)
49.7% processed - batch 143/288 2024-06-01 11:55:00+00:00 in 0:00:01.320320
processing rate 18.5MiB/s
🞋 event detection 48 2024-06-01 11:51:42.670000+00:00: 49.81145°, 12.17539°, depth 1836.3 m, border distance 4593.8 m, semblance 0.179, magnitude 0.00
50.0% processed - batch 144/288 2024-06-01 12:00:00+00:00 in 0:00:00.721152
processing rate 33.9MiB/s
50.3% processed - batch 145/288 2024-06-01 12:05:00+00:00 in 0:00:00.757338
processing rate 32.3MiB/s
50.7% processed - batch 146/288 2024-06-01 12:10:00+00:00 in 0:00:00.713384
processing rate 34.2MiB/s
51.0% processed - batch 147/288 2024-06-01 12:15:00+00:00 in 0:00:00.728032
processing rate 33.6MiB/s
51.4% processed - batch 148/288 2024-06-01 12:20:00+00:00 in 0:00:00.709795
processing rate 34.4MiB/s
51.7% processed - batch 149/288 2024-06-01 12:25:00+00:00 in 0:00:00.718374
processing rate 34.0MiB/s
52.1% processed - batch 150/288 2024-06-01 12:30:00+00:00 in 0:00:00.722779
processing rate 68.9MiB/s
52.4% processed - batch 151/288 2024-06-01 12:35:00+00:00 in 0:00:00.716682
processing rate 34.1MiB/s
detected 1 energy burst - refined 18 nodes, level 1 (2000.0 m)
detected 1 energy burst - refined 27 nodes, level 2 (1000.0 m)
detected 1 energy burst - refined 22 nodes, level 3 (1000.0 m)
detected 1 energy burst - refined 27 nodes, level 4 (250.0 m)
detected 1 energy burst - refined 27 nodes, level 5 (125.0 m)
52.8% processed - batch 152/288 2024-06-01 12:40:00+00:00 in 0:00:01.431055
processing rate 17.1MiB/s
🞋 event detection 49 2024-06-01 12:38:27.410000+00:00: 49.98417°, 12.08416°, depth 1632.1 m, border distance 18406.2 m, semblance 0.214, magnitude 0.00
53.1% processed - batch 153/288 2024-06-01 12:45:00+00:00 in 0:00:00.718635
processing rate 34.0MiB/s
detected 2 energy bursts - refined 36 nodes, level 1 (2000.0 m)
detected 2 energy bursts - refined 44 nodes, level 2 (2000.0 m)
detected 2 energy bursts - refined 44 nodes, level 3 (1000.0 m)
detected 2 energy bursts - refined 44 nodes, level 4 (500.0 m)
detected 2 energy bursts - refined 49 nodes, level 5 (250.0 m)
detected 2 energy bursts - refined 22 nodes, level 5 (125.0 m)
detected 2 energy bursts - refined 6 nodes, level 5 (250.0 m)
detected 2 energy bursts - refined 8 nodes, level 5 (125.0 m)
53.5% processed - batch 154/288 2024-06-01 12:50:00+00:00 in 0:00:01.939388
processing rate 12.6MiB/s
🞋 event detection 50 2024-06-01 12:45:34.810000+00:00: 49.86133°, 12.14805°, depth 1760.4 m, border distance 10156.2 m, semblance 0.204, magnitude 0.00
🞋 event detection 51 2024-06-01 12:47:47.210000+00:00: 49.86563°, 12.02606°, depth 2510.4 m, border distance 10656.2 m, semblance 0.202, magnitude 0.00
53.8% processed - batch 155/288 2024-06-01 12:55:00+00:00 in 0:00:00.717864
processing rate 34.0MiB/s
54.2% processed - batch 156/288 2024-06-01 13:00:00+00:00 in 0:00:00.780942
processing rate 31.3MiB/s
54.5% processed - batch 157/288 2024-06-01 13:05:00+00:00 in 0:00:00.742999
processing rate 31.6MiB/s
detected 1 energy burst - refined 27 nodes, level 1 (2000.0 m)
detected 1 energy burst - refined 22 nodes, level 2 (2000.0 m)
detected 1 energy burst - refined 22 nodes, level 3 (1000.0 m)
detected 1 energy burst - refined 22 nodes, level 4 (500.0 m)
detected 1 energy burst - refined 27 nodes, level 5 (125.0 m)
54.9% processed - batch 158/288 2024-06-01 13:10:00+00:00 in 0:00:01.430463
processing rate 16.4MiB/s
🞋 event detection 52 2024-06-01 13:09:49.120000+00:00: 49.83597°, 12.31315°, depth 8757.1 m, border distance 7281.2 m, semblance 0.225, magnitude 0.00
detected 1 energy burst - refined 27 nodes, level 1 (2000.0 m)
detected 1 energy burst - refined 27 nodes, level 2 (1000.0 m)
detected 1 energy burst - refined 22 nodes, level 3 (2000.0 m)
detected 1 energy burst - refined 22 nodes, level 4 (500.0 m)
detected 1 energy burst - refined 32 nodes, level 5 (500.0 m)
detected 1 energy burst - refined 27 nodes, level 5 (500.0 m)
detected 1 energy burst - refined 24 nodes, level 5 (500.0 m)
detected 1 energy burst - refined 33 nodes, level 5 (125.0 m)
detected 1 energy burst - refined 4 nodes, level 5 (125.0 m)
detected 1 energy burst - refined 3 nodes, level 5 (125.0 m)
55.2% processed - batch 159/288 2024-06-01 13:15:00+00:00 in 0:00:02.145254
processing rate 11.4MiB/s
🞋 event detection 53 2024-06-01 13:13:46.910000+00:00: 49.80915°, 11.96906°, depth 3564.0 m, border distance 4406.2 m, semblance 0.258, magnitude 0.00
detected 1 energy burst - refined 27 nodes, level 1 (2000.0 m)
detected 1 energy burst - refined 22 nodes, level 2 (2000.0 m)
detected 1 energy burst - refined 22 nodes, level 3 (1000.0 m)
detected 1 energy burst - refined 56 nodes, level 4 (1000.0 m)
detected 1 energy burst - refined 54 nodes, level 5 (250.0 m)
detected 1 energy burst - refined 23 nodes, level 5 (1000.0 m)
detected 1 energy burst - refined 2 nodes, level 3 (500.0 m)
detected 1 energy burst - refined 19 nodes, level 5 (1000.0 m)
detected 1 energy burst - refined 26 nodes, level 5 (250.0 m)
detected 1 energy burst - refined 22 nodes, level 5 (250.0 m)
55.6% processed - batch 160/288 2024-06-01 13:20:00+00:00 in 0:00:02.155507
processing rate 11.3MiB/s
🞋 event detection 54 2024-06-01 13:18:43.840000+00:00: 49.84360°, 12.17470°, depth 2412.9 m, border distance 8156.2 m, semblance 0.213, magnitude 0.00
55.9% processed - batch 161/288 2024-06-01 13:25:00+00:00 in 0:00:00.715833
processing rate 34.1MiB/s
detected 1 energy burst - refined 27 nodes, level 1 (2000.0 m)
detected 1 energy burst - refined 22 nodes, level 2 (2000.0 m)
detected 1 energy burst - refined 27 nodes, level 3 (500.0 m)
detected 1 energy burst - refined 27 nodes, level 4 (250.0 m)
detected 1 energy burst - refined 22 nodes, level 5 (250.0 m)
detected 1 energy burst - refined 18 nodes, level 5 (125.0 m)
detected 1 energy burst - refined 4 nodes, level 4 (250.0 m)
detected 1 energy burst - refined 4 nodes, level 5 (125.0 m)
detected 1 energy burst - refined 4 nodes, level 5 (125.0 m)
detected 1 energy burst - refined 4 nodes, level 4 (250.0 m)
detected 1 energy burst - refined 20 nodes, level 5 (1000.0 m)
detected 1 energy burst - refined 2 nodes, level 3 (500.0 m)
detected 1 energy burst - refined 4 nodes, level 4 (250.0 m)
detected 1 energy burst - refined 22 nodes, level 5 (250.0 m)
56.2% processed - batch 162/288 2024-06-01 13:30:00+00:00 in 0:00:02.431273
processing rate 10.0MiB/s
🞋 event detection 55 2024-06-01 13:27:56.850000+00:00: 49.85931°, 11.94896°, depth 1925.2 m, border distance 9281.2 m, semblance 0.241, magnitude 0.00
detected 1 energy burst - refined 27 nodes, level 1 (2000.0 m)
detected 1 energy burst - refined 18 nodes, level 2 (1000.0 m)
detected 1 energy burst - refined 27 nodes, level 3 (500.0 m)
detected 1 energy burst - refined 22 nodes, level 4 (500.0 m)
detected 1 energy burst - refined 22 nodes, level 5 (250.0 m)
56.6% processed - batch 163/288 2024-06-01 13:35:00+00:00 in 0:00:01.395753
processing rate 17.5MiB/s
🞋 event detection 56 2024-06-01 13:34:37.730000+00:00: 49.80079°, 12.09451°, depth 666.8 m, border distance 3406.2 m, semblance 0.223, magnitude 0.00
56.9% processed - batch 164/288 2024-06-01 13:40:00+00:00 in 0:00:00.730965
processing rate 68.1MiB/s
57.3% processed - batch 165/288 2024-06-01 13:45:00+00:00 in 0:00:00.729598
processing rate 33.5MiB/s
57.6% processed - batch 166/288 2024-06-01 13:50:00+00:00 in 0:00:00.744164
processing rate 32.8MiB/s
detected 1 energy burst - refined 27 nodes, level 1 (2000.0 m)
detected 1 energy burst - refined 18 nodes, level 2 (1000.0 m)
detected 1 energy burst - refined 51 nodes, level 3 (1000.0 m)
detected 1 energy burst - refined 18 nodes, level 4 (250.0 m)
detected 1 energy burst - refined 18 nodes, level 5 (125.0 m)
58.0% processed - batch 167/288 2024-06-01 13:55:00+00:00 in 0:00:01.480990
processing rate 16.5MiB/s
🞋 event detection 57 2024-06-01 13:50:46.630000+00:00: 49.96019°, 12.12417°, depth -10.4 m, border distance 19968.8 m, semblance 0.206, magnitude 0.00
detected 2 energy bursts - refined 54 nodes, level 1 (2000.0 m)
detected 2 energy bursts - refined 49 nodes, level 2 (2000.0 m)
detected 2 energy bursts - refined 49 nodes, level 3 (1000.0 m)
detected 2 energy bursts - refined 54 nodes, level 4 (250.0 m)
detected 2 energy bursts - refined 49 nodes, level 5 (250.0 m)
detected 2 energy bursts - refined 18 nodes, level 5 (500.0 m)
detected 2 energy bursts - refined 20 nodes, level 5 (500.0 m)
detected 2 energy bursts - refined 24 nodes, level 5 (250.0 m)
58.3% processed - batch 168/288 2024-06-01 14:00:00+00:00 in 0:00:02.040021
processing rate 12.0MiB/s
🞋 event detection 58 2024-06-01 13:55:21.260000+00:00: 49.82923°, 11.87729°, depth 14578.9 m, border distance 4093.8 m, semblance 0.177, magnitude 0.00
🞋 event detection 59 2024-06-01 13:55:56.790000+00:00: 49.82069°, 12.01066°, depth 2021.0 m, border distance 5656.2 m, semblance 0.212, magnitude 0.00
58.7% processed - batch 169/288 2024-06-01 14:05:00+00:00 in 0:00:00.718180
processing rate 34.0MiB/s
59.0% processed - batch 170/288 2024-06-01 14:10:00+00:00 in 0:00:00.742020
processing rate 32.9MiB/s
detected 4 energy bursts - refined 68 nodes, level 1 (2000.0 m)
detected 4 energy bursts - refined 76 nodes, level 2 (1000.0 m)
detected 4 energy bursts - refined 96 nodes, level 3 (500.0 m)
detected 4 energy bursts - refined 108 nodes, level 4 (250.0 m)
detected 4 energy bursts - refined 99 nodes, level 5 (250.0 m)
detected 4 energy bursts - refined 22 nodes, level 5 (125.0 m)
59.4% processed - batch 171/288 2024-06-01 14:15:00+00:00 in 0:00:02.141639
processing rate 11.4MiB/s
🞋 event detection 60 2024-06-01 14:10:18.410000+00:00: 50.36067°, 12.49135°, depth 4965.1 m, border distance 15031.2 m, semblance 0.405, magnitude 0.00
🞋 event detection 61 2024-06-01 14:10:40.670000+00:00: 50.35901°, 12.49144°, depth 4093.7 m, border distance 15906.2 m, semblance 0.547, magnitude 0.00
🞋 event detection 62 2024-06-01 14:12:41.630000+00:00: 50.36921°, 12.47112°, depth 6351.0 m, border distance 13656.2 m, semblance 0.289, magnitude 0.00
🞋 event detection 63 2024-06-01 14:13:46.170000+00:00: 50.36651°, 12.48084°, depth 6348.0 m, border distance 13656.2 m, semblance 0.294, magnitude 0.00
detected 2 energy bursts - refined 41 nodes, level 1 (2000.0 m)
detected 2 energy bursts - refined 44 nodes, level 2 (2000.0 m)
detected 2 energy bursts - refined 40 nodes, level 3 (1000.0 m)
detected 2 energy bursts - refined 40 nodes, level 4 (500.0 m)
detected 2 energy bursts - refined 45 nodes, level 5 (125.0 m)
59.7% processed - batch 172/288 2024-06-01 14:20:00+00:00 in 0:00:01.479052
processing rate 16.5MiB/s
🞋 event detection 64 2024-06-01 14:15:36.650000+00:00: 49.97411°, 12.09591°, depth 1510.4 m, border distance 18531.2 m, semblance 0.188, magnitude 0.00
🞋 event detection 65 2024-06-01 14:19:12.850000+00:00: 49.96724°, 12.08846°, depth -10.4 m, border distance 19281.2 m, semblance 0.218, magnitude 0.00
detected 1 energy burst - refined 27 nodes, level 1 (2000.0 m)
detected 1 energy burst - refined 18 nodes, level 2 (2000.0 m)
detected 1 energy burst - refined 37 nodes, level 3 (1000.0 m)
detected 1 energy burst - refined 49 nodes, level 4 (500.0 m)
detected 1 energy burst - refined 44 nodes, level 5 (500.0 m)
detected 1 energy burst - refined 31 nodes, level 5 (125.0 m)
detected 1 energy burst - refined 4 nodes, level 5 (125.0 m)
60.1% processed - batch 173/288 2024-06-01 14:25:00+00:00 in 0:00:01.724925
processing rate 14.2MiB/s
🞋 event detection 66 2024-06-01 14:20:09.900000+00:00: 49.82076°, 12.09091°, depth 9403.5 m, border distance 5656.2 m, semblance 0.277, magnitude 0.00
detected 2 energy bursts - refined 45 nodes, level 1 (2000.0 m)
detected 2 energy bursts - refined 69 nodes, level 2 (2000.0 m)
detected 2 energy bursts - refined 83 nodes, level 3 (1000.0 m)
detected 2 energy bursts - refined 64 nodes, level 4 (1000.0 m)
detected 2 energy bursts - refined 66 nodes, level 5 (500.0 m)
detected 2 energy bursts - refined 40 nodes, level 5 (250.0 m)
detected 2 energy bursts - refined 30 nodes, level 5 (500.0 m)
detected 2 energy bursts - refined 4 nodes, level 5 (125.0 m)
60.4% processed - batch 174/288 2024-06-01 14:30:00+00:00 in 0:00:02.495188
processing rate 9.8MiB/s
🞋 event detection 67 2024-06-01 14:25:21.260000+00:00: 49.79516°, 11.97255°, depth 1857.3 m, border distance 2843.8 m, semblance 0.213, magnitude 0.00
🞋 event detection 68 2024-06-01 14:28:48.640000+00:00: 49.88319°, 12.06359°, depth 2010.4 m, border distance 12593.8 m, semblance 0.176, magnitude 0.00
detected 1 energy burst - refined 27 nodes, level 1 (2000.0 m)
detected 1 energy burst - refined 45 nodes, level 2 (2000.0 m)
detected 1 energy burst - refined 27 nodes, level 3 (500.0 m)
detected 1 energy burst - refined 22 nodes, level 4 (500.0 m)
detected 1 energy burst - refined 22 nodes, level 5 (250.0 m)
detected 1 energy burst - refined 6 nodes, level 5 (125.0 m)
detected 1 energy burst - refined 3 nodes, level 5 (250.0 m)
detected 1 energy burst - refined 4 nodes, level 5 (250.0 m)
detected 1 energy burst - refined 4 nodes, level 5 (125.0 m)
detected 1 energy burst - refined 4 nodes, level 5 (125.0 m)
detected 1 energy burst - refined 4 nodes, level 5 (125.0 m)
detected 1 energy burst - refined 1 nodes, level 4 (250.0 m)
detected 1 energy burst - refined 4 nodes, level 5 (125.0 m)
60.8% processed - batch 175/288 2024-06-01 14:35:00+00:00 in 0:00:02.303938
processing rate 10.6MiB/s
🞋 event detection 69 2024-06-01 14:32:17.260000+00:00: 49.90622°, 12.04586°, depth 562.3 m, border distance 15156.2 m, semblance 0.176, magnitude 0.00
61.1% processed - batch 176/288 2024-06-01 14:40:00+00:00 in 0:00:00.740281
processing rate 33.0MiB/s
61.5% processed - batch 177/288 2024-06-01 14:45:00+00:00 in 0:00:00.751502
processing rate 32.5MiB/s
detected 3 energy bursts - refined 45 nodes, level 1 (2000.0 m)
detected 3 energy bursts - refined 49 nodes, level 2 (2000.0 m)
detected 3 energy bursts - refined 44 nodes, level 3 (1000.0 m)
detected 3 energy bursts - refined 54 nodes, level 4 (250.0 m)
detected 3 energy bursts - refined 45 nodes, level 5 (250.0 m)
detected 3 energy bursts - refined 4 nodes, level 5 (125.0 m)
61.8% processed - batch 178/288 2024-06-01 14:50:00+00:00 in 0:00:01.743504
processing rate 14.0MiB/s
🞋 event detection 70 2024-06-01 14:45:34.210000+00:00: 49.96945°, 11.93278°, depth 12647.5 m, border distance 7343.8 m, semblance 0.179, magnitude 0.00
🞋 event detection 71 2024-06-01 14:47:11.590000+00:00: 49.99184°, 11.94144°, depth 10156.2 m, border distance 8781.2 m, semblance 0.234, magnitude 0.00
detected 1 energy burst - refined 27 nodes, level 1 (2000.0 m)
detected 1 energy burst - refined 49 nodes, level 2 (2000.0 m)
detected 1 energy burst - refined 22 nodes, level 3 (1000.0 m)
detected 1 energy burst - refined 20 nodes, level 4 (1000.0 m)
detected 1 energy burst - refined 15 nodes, level 5 (1000.0 m)
detected 1 energy burst - refined 16 nodes, level 4 (1000.0 m)
detected 1 energy burst - refined 22 nodes, level 5 (500.0 m)
detected 1 energy burst - refined 23 nodes, level 5 (500.0 m)
detected 1 energy burst - refined 24 nodes, level 5 (250.0 m)
62.2% processed - batch 179/288 2024-06-01 14:55:00+00:00 in 0:00:01.994703
processing rate 12.2MiB/s
🞋 event detection 72 2024-06-01 14:51:16.490000+00:00: 49.87039°, 12.14621°, depth 9896.2 m, border distance 10093.8 m, semblance 0.196, magnitude 0.00
62.5% processed - batch 180/288 2024-06-01 15:00:00+00:00 in 0:00:00.731325
processing rate 33.4MiB/s
62.8% processed - batch 181/288 2024-06-01 15:05:00+00:00 in 0:00:00.722498
processing rate 32.5MiB/s
detected 1 energy burst - refined 27 nodes, level 1 (2000.0 m)
detected 1 energy burst - refined 22 nodes, level 2 (2000.0 m)
detected 1 energy burst - refined 27 nodes, level 3 (500.0 m)
detected 1 energy burst - refined 27 nodes, level 4 (250.0 m)
detected 1 energy burst - refined 22 nodes, level 5 (250.0 m)
63.2% processed - batch 182/288 2024-06-01 15:10:00+00:00 in 0:00:01.413681
processing rate 16.6MiB/s
🞋 event detection 73 2024-06-01 15:09:33.860000+00:00: 50.36648°, 12.48671°, depth 7408.1 m, border distance 12593.8 m, semblance 0.445, magnitude 0.00
63.5% processed - batch 183/288 2024-06-01 15:15:00+00:00 in 0:00:00.751146
processing rate 32.5MiB/s
detected 2 energy bursts - refined 54 nodes, level 1 (2000.0 m)
detected 2 energy bursts - refined 49 nodes, level 2 (2000.0 m)
detected 2 energy bursts - refined 83 nodes, level 3 (1000.0 m)
detected 2 energy bursts - refined 44 nodes, level 4 (500.0 m)
detected 2 energy bursts - refined 49 nodes, level 5 (250.0 m)
detected 2 energy bursts - refined 20 nodes, level 5 (250.0 m)
detected 2 energy bursts - refined 4 nodes, level 5 (250.0 m)
detected 2 energy bursts - refined 18 nodes, level 5 (500.0 m)
detected 2 energy bursts - refined 2 nodes, level 4 (250.0 m)
detected 2 energy bursts - refined 17 nodes, level 5 (250.0 m)
detected 2 energy bursts - refined 16 nodes, level 5 (250.0 m)
detected 2 energy bursts - refined 6 nodes, level 5 (125.0 m)
63.9% processed - batch 184/288 2024-06-01 15:20:00+00:00 in 0:00:02.604620
processing rate 9.4MiB/s
🞋 event detection 74 2024-06-01 15:18:51.400000+00:00: 49.79176°, 11.97808°, depth 7272.0 m, border distance 2468.8 m, semblance 0.189, magnitude 0.00
🞋 event detection 75 2024-06-01 15:19:41.100000+00:00: 49.84910°, 12.06767°, depth 7778.8 m, border distance 8781.2 m, semblance 0.228, magnitude 0.00
64.2% processed - batch 185/288 2024-06-01 15:25:00+00:00 in 0:00:00.742766
processing rate 32.9MiB/s
64.6% processed - batch 186/288 2024-06-01 15:30:00+00:00 in 0:00:00.723936
processing rate 33.7MiB/s
64.9% processed - batch 187/288 2024-06-01 15:35:00+00:00 in 0:00:00.736641
processing rate 33.2MiB/s
detected 2 energy bursts - refined 27 nodes, level 1 (2000.0 m)
detected 2 energy bursts - refined 27 nodes, level 2 (1000.0 m)
detected 2 energy bursts - refined 42 nodes, level 3 (2000.0 m)
detected 2 energy bursts - refined 22 nodes, level 4 (500.0 m)
detected 2 energy bursts - refined 51 nodes, level 5 (250.0 m)
detected 2 energy bursts - refined 22 nodes, level 5 (500.0 m)
detected 2 energy bursts - refined 6 nodes, level 5 (125.0 m)
65.3% processed - batch 188/288 2024-06-01 15:40:00+00:00 in 0:00:01.745570
processing rate 14.0MiB/s
🞋 event detection 76 2024-06-01 15:39:26.550000+00:00: 49.99247°, 12.13121°, depth 6406.8 m, border distance 13593.8 m, semblance 0.193, magnitude 0.00
65.6% processed - batch 189/288 2024-06-01 15:45:00+00:00 in 0:00:00.726117
processing rate 33.6MiB/s
detected 4 energy bursts - refined 75 nodes, level 1 (2000.0 m)
detected 4 energy bursts - refined 63 nodes, level 2 (1000.0 m)
detected 4 energy bursts - refined 76 nodes, level 3 (2000.0 m)
detected 4 energy bursts - refined 63 nodes, level 4 (1000.0 m)
detected 4 energy bursts - refined 78 nodes, level 5 (1000.0 m)
detected 4 energy bursts - refined 26 nodes, level 5 (2000.0 m)
detected 4 energy bursts - refined 26 nodes, level 5 (1000.0 m)
detected 4 energy bursts - refined 31 nodes, level 5 (125.0 m)
detected 4 energy bursts - refined 4 nodes, level 5 (125.0 m)
66.0% processed - batch 190/288 2024-06-01 15:50:00+00:00 in 0:00:02.246328
processing rate 10.9MiB/s
🞋 event detection 77 2024-06-01 15:45:01.620000+00:00: 49.84982°, 12.15707°, depth 2105.7 m, border distance 8843.8 m, semblance 0.186, magnitude 0.00
🞋 event detection 78 2024-06-01 15:45:28.220000+00:00: 49.84468°, 11.95371°, depth 4746.6 m, border distance 8343.8 m, semblance 0.175, magnitude 0.00
🞋 event detection 79 2024-06-01 15:46:13.690000+00:00: 49.83958°, 11.95789°, depth 4220.9 m, border distance 7781.2 m, semblance 0.198, magnitude 0.00
detected 1 energy burst - refined 27 nodes, level 1 (2000.0 m)
detected 1 energy burst - refined 27 nodes, level 2 (1000.0 m)
detected 1 energy burst - refined 27 nodes, level 3 (500.0 m)
detected 1 energy burst - refined 27 nodes, level 4 (250.0 m)
detected 1 energy burst - refined 27 nodes, level 5 (125.0 m)
detected 1 energy burst - refined 4 nodes, level 5 (125.0 m)
66.3% processed - batch 191/288 2024-06-01 15:55:00+00:00 in 0:00:01.493669
processing rate 16.4MiB/s
🞋 event detection 80 2024-06-01 15:54:15.640000+00:00: 50.01307°, 12.05740°, depth 3031.5 m, border distance 16968.8 m, semblance 0.164, magnitude 0.00
detected 1 energy burst - refined 27 nodes, level 1 (2000.0 m)
detected 1 energy burst - refined 27 nodes, level 2 (1000.0 m)
detected 1 energy burst - refined 27 nodes, level 3 (500.0 m)
detected 1 energy burst - refined 22 nodes, level 4 (500.0 m)
detected 1 energy burst - refined 18 nodes, level 5 (250.0 m)
detected 1 energy burst - refined 19 nodes, level 5 (250.0 m)
66.7% processed - batch 192/288 2024-06-01 16:00:00+00:00 in 0:00:01.541850
processing rate 15.8MiB/s
🞋 event detection 81 2024-06-01 15:59:48.480000+00:00: 49.82923°, 12.00807°, depth 10882.9 m, border distance 6593.8 m, semblance 0.182, magnitude 0.00
detected 1 energy burst - refined 27 nodes, level 1 (2000.0 m)
67.0% processed - batch 193/288 2024-06-01 16:05:00+00:00 in 0:00:00.841194
processing rate 27.9MiB/s
detected 2 energy bursts - refined 45 nodes, level 1 (2000.0 m)
detected 3 energy bursts - refined 67 nodes, level 2 (2000.0 m)
detected 3 energy bursts - refined 100 nodes, level 3 (1000.0 m)
detected 3 energy bursts - refined 77 nodes, level 4 (1000.0 m)
detected 3 energy bursts - refined 62 nodes, level 5 (500.0 m)
detected 3 energy bursts - refined 12 nodes, level 5 (125.0 m)
67.4% processed - batch 194/288 2024-06-01 16:10:00+00:00 in 0:00:01.854855
processing rate 12.7MiB/s
🞋 event detection 82 2024-06-01 16:06:50.840000+00:00: 49.82219°, 12.16787°, depth 5500.0 m, border distance 5781.2 m, semblance 0.151, magnitude 0.00
🞋 event detection 83 2024-06-01 16:08:36.100000+00:00: 49.87548°, 12.01868°, depth 2242.2 m, border distance 11718.8 m, semblance 0.213, magnitude 0.00
67.7% processed - batch 195/288 2024-06-01 16:15:00+00:00 in 0:00:00.723087
processing rate 33.8MiB/s
68.1% processed - batch 196/288 2024-06-01 16:20:00+00:00 in 0:00:00.733920
processing rate 33.3MiB/s
detected 1 energy burst - refined 18 nodes, level 1 (2000.0 m)
detected 1 energy burst - refined 22 nodes, level 2 (2000.0 m)
detected 1 energy burst - refined 18 nodes, level 3 (1000.0 m)
detected 1 energy burst - refined 45 nodes, level 4 (1000.0 m)
detected 1 energy burst - refined 45 nodes, level 5 (500.0 m)
detected 1 energy burst - refined 21 nodes, level 5 (125.0 m)
68.4% processed - batch 197/288 2024-06-01 16:25:00+00:00 in 0:00:01.547626
processing rate 15.8MiB/s
🞋 event detection 84 2024-06-01 16:24:36.800000+00:00: 49.82899°, 12.16607°, depth 2260.4 m, border distance 6531.2 m, semblance 0.184, magnitude 0.00
68.8% processed - batch 198/288 2024-06-01 16:30:00+00:00 in 0:00:00.749859
processing rate 32.6MiB/s
69.1% processed - batch 199/288 2024-06-01 16:35:00+00:00 in 0:00:00.734258
processing rate 33.3MiB/s
69.4% processed - batch 200/288 2024-06-01 16:40:00+00:00 in 0:00:00.726712
processing rate 33.6MiB/s
detected 2 energy bursts - refined 18 nodes, level 1 (2000.0 m)
detected 2 energy bursts - refined 27 nodes, level 2 (1000.0 m)
detected 2 energy bursts - refined 22 nodes, level 3 (1000.0 m)
detected 2 energy bursts - refined 27 nodes, level 4 (250.0 m)
detected 2 energy bursts - refined 22 nodes, level 5 (250.0 m)
69.8% processed - batch 201/288 2024-06-01 16:45:00+00:00 in 0:00:01.392929
processing rate 17.5MiB/s
🞋 event detection 85 2024-06-01 16:44:32.980000+00:00: 50.55867°, 12.50824°, depth 2330.9 m, border distance 12343.8 m, semblance 0.167, magnitude 0.00
70.1% processed - batch 202/288 2024-06-01 16:50:00+00:00 in 0:00:00.733145
processing rate 33.3MiB/s
detected 1 energy burst - refined 27 nodes, level 1 (2000.0 m)
detected 1 energy burst - refined 22 nodes, level 2 (2000.0 m)
detected 1 energy burst - refined 27 nodes, level 3 (500.0 m)
detected 1 energy burst - refined 27 nodes, level 4 (250.0 m)
detected 1 energy burst - refined 27 nodes, level 5 (125.0 m)
detected 1 energy burst - refined 1 nodes, level 3 (500.0 m)
detected 1 energy burst - refined 2 nodes, level 4 (250.0 m)
detected 1 energy burst - refined 4 nodes, level 5 (125.0 m)
detected 1 energy burst - refined 4 nodes, level 5 (125.0 m)
70.5% processed - batch 203/288 2024-06-01 16:55:00+00:00 in 0:00:01.830505
processing rate 13.3MiB/s
🞋 event detection 86 2024-06-01 16:54:25.170000+00:00: 49.97100°, 12.09490°, depth 5134.8 m, border distance 14906.2 m, semblance 0.181, magnitude 0.00
70.8% processed - batch 204/288 2024-06-01 17:00:00+00:00 in 0:00:00.716340
processing rate 69.5MiB/s
71.2% processed - batch 205/288 2024-06-01 17:05:00+00:00 in 0:00:00.723555
processing rate 33.8MiB/s
71.5% processed - batch 206/288 2024-06-01 17:10:00+00:00 in 0:00:00.719919
processing rate 33.9MiB/s
71.9% processed - batch 207/288 2024-06-01 17:15:00+00:00 in 0:00:00.709365
processing rate 33.1MiB/s
detected 2 energy bursts - refined 27 nodes, level 1 (2000.0 m)
detected 2 energy bursts - refined 27 nodes, level 2 (1000.0 m)
detected 2 energy bursts - refined 20 nodes, level 3 (2000.0 m)
detected 2 energy bursts - refined 27 nodes, level 4 (250.0 m)
detected 2 energy bursts - refined 18 nodes, level 5 (250.0 m)
72.2% processed - batch 208/288 2024-06-01 17:20:00+00:00 in 0:00:01.412889
processing rate 16.4MiB/s
🞋 event detection 87 2024-06-01 17:17:57.810000+00:00: 49.78847°, 12.16725°, depth 8413.5 m, border distance 2031.2 m, semblance 0.173, magnitude 0.00
72.6% processed - batch 209/288 2024-06-01 17:25:00+00:00 in 0:00:00.715151
processing rate 32.8MiB/s
72.9% processed - batch 210/288 2024-06-01 17:30:00+00:00 in 0:00:00.712287
processing rate 33.0MiB/s
detected 1 energy burst - refined 18 nodes, level 1 (2000.0 m)
detected 1 energy burst - refined 27 nodes, level 2 (1000.0 m)
detected 1 energy burst - refined 27 nodes, level 3 (500.0 m)
detected 1 energy burst - refined 27 nodes, level 4 (250.0 m)
detected 1 energy burst - refined 27 nodes, level 5 (125.0 m)
detected 1 energy burst - refined 4 nodes, level 5 (125.0 m)
73.3% processed - batch 211/288 2024-06-01 17:35:00+00:00 in 0:00:01.462739
processing rate 16.1MiB/s
🞋 event detection 88 2024-06-01 17:33:20.760000+00:00: 49.88311°, 12.05118°, depth 2388.2 m, border distance 12593.8 m, semblance 0.212, magnitude 0.00
detected 1 energy burst - refined 18 nodes, level 1 (2000.0 m)
detected 1 energy burst - refined 18 nodes, level 2 (1000.0 m)
detected 1 energy burst - refined 18 nodes, level 3 (500.0 m)
detected 1 energy burst - refined 27 nodes, level 4 (250.0 m)
detected 1 energy burst - refined 27 nodes, level 5 (125.0 m)
73.6% processed - batch 212/288 2024-06-01 17:40:00+00:00 in 0:00:01.345102
processing rate 17.5MiB/s
🞋 event detection 89 2024-06-01 17:38:36.480000+00:00: 49.82830°, 12.16641°, depth 697.9 m, border distance 6468.8 m, semblance 0.233, magnitude 0.00
detected 1 energy burst - refined 27 nodes, level 1 (2000.0 m)
detected 1 energy burst - refined 27 nodes, level 2 (1000.0 m)
detected 1 energy burst - refined 22 nodes, level 3 (1000.0 m)
detected 1 energy burst - refined 27 nodes, level 4 (250.0 m)
detected 1 energy burst - refined 27 nodes, level 5 (125.0 m)
detected 1 energy burst - refined 4 nodes, level 5 (125.0 m)
detected 1 energy burst - refined 6 nodes, level 5 (125.0 m)
74.0% processed - batch 213/288 2024-06-01 17:45:00+00:00 in 0:00:01.644585
processing rate 14.3MiB/s
🞋 event detection 90 2024-06-01 17:43:59.290000+00:00: 49.87154°, 12.14643°, depth 2120.7 m, border distance 11281.2 m, semblance 0.158, magnitude 0.00
detected 1 energy burst - refined 27 nodes, level 1 (2000.0 m)
detected 1 energy burst - refined 27 nodes, level 2 (1000.0 m)
detected 1 energy burst - refined 27 nodes, level 3 (500.0 m)
detected 1 energy burst - refined 27 nodes, level 4 (250.0 m)
detected 1 energy burst - refined 27 nodes, level 5 (125.0 m)
74.3% processed - batch 214/288 2024-06-01 17:50:00+00:00 in 0:00:01.450636
processing rate 16.2MiB/s
🞋 event detection 91 2024-06-01 17:48:21.010000+00:00: 50.54566°, 12.48484°, depth 14595.1 m, border distance 5406.2 m, semblance 0.118, magnitude 0.00
detected 1 energy burst - refined 27 nodes, level 1 (2000.0 m)
detected 1 energy burst - refined 27 nodes, level 2 (1000.0 m)
detected 1 energy burst - refined 27 nodes, level 3 (500.0 m)
detected 1 energy burst - refined 27 nodes, level 4 (250.0 m)
detected 1 energy burst - refined 27 nodes, level 5 (125.0 m)
74.7% processed - batch 215/288 2024-06-01 17:55:00+00:00 in 0:00:01.403470
processing rate 16.7MiB/s
🞋 event detection 92 2024-06-01 17:50:56.270000+00:00: 49.82232°, 11.88084°, depth 8591.8 m, border distance 4343.8 m, semblance 0.226, magnitude 0.00
detected 3 energy bursts - refined 32 nodes, level 1 (2000.0 m)
detected 3 energy bursts - refined 45 nodes, level 2 (1000.0 m)
detected 3 energy bursts - refined 45 nodes, level 3 (500.0 m)
detected 3 energy bursts - refined 54 nodes, level 4 (250.0 m)
detected 3 energy bursts - refined 54 nodes, level 5 (125.0 m)
detected 3 energy bursts - refined 8 nodes, level 5 (125.0 m)
75.0% processed - batch 216/288 2024-06-01 18:00:00+00:00 in 0:00:01.650392
processing rate 14.2MiB/s
🞋 event detection 93 2024-06-01 17:56:20.380000+00:00: 49.95539°, 12.06723°, depth 365.1 m, border distance 17781.2 m, semblance 0.148, magnitude 0.00
🞋 event detection 94 2024-06-01 17:57:43.260000+00:00: 49.97136°, 12.08298°, depth 2635.3 m, border distance 17343.8 m, semblance 0.147, magnitude 0.00
75.3% processed - batch 217/288 2024-06-01 18:05:00+00:00 in 0:00:00.719515
processing rate 32.6MiB/s
75.7% processed - batch 218/288 2024-06-01 18:10:00+00:00 in 0:00:00.718055
processing rate 32.7MiB/s
76.0% processed - batch 219/288 2024-06-01 18:15:00+00:00 in 0:00:00.724399
processing rate 32.4MiB/s
detected 1 energy burst - refined 27 nodes, level 1 (2000.0 m)
detected 1 energy burst - refined 27 nodes, level 2 (1000.0 m)
detected 1 energy burst - refined 27 nodes, level 3 (500.0 m)
detected 1 energy burst - refined 27 nodes, level 4 (250.0 m)
detected 1 energy burst - refined 27 nodes, level 5 (125.0 m)
detected 1 energy burst - refined 4 nodes, level 5 (125.0 m)
76.4% processed - batch 220/288 2024-06-01 18:20:00+00:00 in 0:00:01.512065
processing rate 15.5MiB/s
🞋 event detection 95 2024-06-01 18:16:11.150000+00:00: 49.83853°, 11.97986°, depth 9776.6 m, border distance 7656.2 m, semblance 0.267, magnitude 0.00
76.7% processed - batch 221/288 2024-06-01 18:25:00+00:00 in 0:00:00.711482
processing rate 33.0MiB/s
77.1% processed - batch 222/288 2024-06-01 18:30:00+00:00 in 0:00:00.742514
processing rate 31.6MiB/s
77.4% processed - batch 223/288 2024-06-01 18:35:00+00:00 in 0:00:00.732844
processing rate 32.0MiB/s
77.8% processed - batch 224/288 2024-06-01 18:40:00+00:00 in 0:00:00.726381
processing rate 32.3MiB/s
78.1% processed - batch 225/288 2024-06-01 18:45:00+00:00 in 0:00:00.744471
processing rate 31.5MiB/s
78.5% processed - batch 226/288 2024-06-01 18:50:00+00:00 in 0:00:00.716039
processing rate 32.8MiB/s
detected 1 energy burst - refined 18 nodes, level 1 (2000.0 m)
detected 1 energy burst - refined 27 nodes, level 2 (1000.0 m)
detected 1 energy burst - refined 27 nodes, level 3 (500.0 m)
detected 1 energy burst - refined 27 nodes, level 4 (250.0 m)
detected 1 energy burst - refined 27 nodes, level 5 (125.0 m)
78.8% processed - batch 227/288 2024-06-01 18:55:00+00:00 in 0:00:01.390283
processing rate 16.9MiB/s
🞋 event detection 96 2024-06-01 18:52:13.480000+00:00: 50.00819°, 12.10588°, depth 875.1 m, border distance 19156.2 m, semblance 0.184, magnitude 0.00
detected 1 energy burst - refined 27 nodes, level 1 (2000.0 m)
detected 1 energy burst - refined 22 nodes, level 2 (2000.0 m)
detected 1 energy burst - refined 27 nodes, level 3 (500.0 m)
detected 1 energy burst - refined 20 nodes, level 4 (1000.0 m)
detected 1 energy burst - refined 22 nodes, level 5 (250.0 m)
79.2% processed - batch 228/288 2024-06-01 19:00:00+00:00 in 0:00:01.380566
processing rate 17.0MiB/s
🞋 event detection 97 2024-06-01 18:57:31.600000+00:00: 49.87934°, 12.14796°, depth 4340.2 m, border distance 12156.2 m, semblance 0.169, magnitude 0.00
79.5% processed - batch 229/288 2024-06-01 19:05:00+00:00 in 0:00:00.723041
processing rate 31.2MiB/s
79.9% processed - batch 230/288 2024-06-01 19:10:00+00:00 in 0:00:00.714239
processing rate 31.6MiB/s
80.2% processed - batch 231/288 2024-06-01 19:15:00+00:00 in 0:00:00.720604
processing rate 32.6MiB/s
detected 1 energy burst - refined 18 nodes, level 1 (2000.0 m)
80.6% processed - batch 232/288 2024-06-01 19:20:00+00:00 in 0:00:00.862484
processing rate 27.2MiB/s
80.9% processed - batch 233/288 2024-06-01 19:25:00+00:00 in 0:00:00.717774
processing rate 32.7MiB/s
detected 1 energy burst - refined 27 nodes, level 1 (2000.0 m)
detected 1 energy burst - refined 27 nodes, level 2 (1000.0 m)
detected 1 energy burst - refined 27 nodes, level 3 (500.0 m)
detected 1 energy burst - refined 27 nodes, level 4 (250.0 m)
detected 1 energy burst - refined 22 nodes, level 5 (250.0 m)
81.2% processed - batch 234/288 2024-06-01 19:30:00+00:00 in 0:00:01.402665
processing rate 16.7MiB/s
🞋 event detection 98 2024-06-01 19:28:35.140000+00:00: 49.88788°, 12.12149°, depth 3302.1 m, border distance 13093.8 m, semblance 0.227, magnitude 0.00
81.6% processed - batch 235/288 2024-06-01 19:35:00+00:00 in 0:00:00.705843
processing rate 33.3MiB/s
81.9% processed - batch 236/288 2024-06-01 19:40:00+00:00 in 0:00:00.727140
processing rate 32.3MiB/s
detected 3 energy bursts - refined 54 nodes, level 1 (2000.0 m)
detected 2 energy bursts - refined 45 nodes, level 2 (1000.0 m)
detected 2 energy bursts - refined 54 nodes, level 3 (500.0 m)
detected 2 energy bursts - refined 41 nodes, level 4 (500.0 m)
detected 2 energy bursts - refined 40 nodes, level 5 (250.0 m)
82.3% processed - batch 237/288 2024-06-01 19:45:00+00:00 in 0:00:01.690145
processing rate 13.9MiB/s
🞋 event detection 99 2024-06-01 19:42:13.820000+00:00: 50.19908°, 12.43251°, depth 105.8 m, border distance 19906.2 m, semblance 0.273, magnitude 0.00
🞋 event detection 100 2024-06-01 19:43:20.120000+00:00: 50.51977°, 12.47308°, depth 897.1 m, border distance 16656.2 m, semblance 0.204, magnitude 0.00
detected 1 energy burst - refined 27 nodes, level 1 (2000.0 m)
detected 1 energy burst - refined 40 nodes, level 2 (2000.0 m)
detected 1 energy burst - refined 49 nodes, level 3 (2000.0 m)
detected 1 energy burst - refined 51 nodes, level 4 (2000.0 m)
detected 1 energy burst - refined 31 nodes, level 5 (500.0 m)
detected 1 energy burst - refined 24 nodes, level 5 (250.0 m)
detected 1 energy burst - refined 4 nodes, level 5 (125.0 m)
82.6% processed - batch 238/288 2024-06-01 19:50:00+00:00 in 0:00:01.695956
processing rate 13.8MiB/s
waveform data fetcher task completed
🞋 event detection 101 2024-06-01 19:47:50.830000+00:00: 49.88620°, 11.93774°, depth 11103.8 m, border distance 8468.8 m, semblance 0.147, magnitude 0.00
83.0% processed - batch 239/288 2024-06-01 19:55:00+00:00 in 0:00:00.714526
processing rate 32.9MiB/s
detected 1 energy burst - refined 27 nodes, level 1 (2000.0 m)
detected 1 energy burst - refined 18 nodes, level 2 (1000.0 m)
detected 1 energy burst - refined 27 nodes, level 3 (500.0 m)
detected 1 energy burst - refined 22 nodes, level 4 (500.0 m)
detected 1 energy burst - refined 22 nodes, level 5 (250.0 m)
83.3% processed - batch 240/288 2024-06-01 20:00:00+00:00 in 0:00:01.330060
processing rate 17.7MiB/s
🞋 event detection 102 2024-06-01 19:56:36.740000+00:00: 49.83408°, 12.16359°, depth 1378.6 m, border distance 7093.8 m, semblance 0.201, magnitude 0.00
detected 2 energy bursts - refined 45 nodes, level 1 (2000.0 m)
detected 2 energy bursts - refined 49 nodes, level 2 (2000.0 m)
detected 2 energy bursts - refined 40 nodes, level 3 (1000.0 m)
detected 2 energy bursts - refined 40 nodes, level 4 (500.0 m)
detected 2 energy bursts - refined 45 nodes, level 5 (125.0 m)
83.7% processed - batch 241/288 2024-06-01 20:05:00+00:00 in 0:00:01.524742
processing rate 15.4MiB/s
🞋 event detection 103 2024-06-01 20:00:23.110000+00:00: 49.95209°, 12.09478°, depth 1849.8 m, border distance 18156.2 m, semblance 0.152, magnitude 0.00
🞋 event detection 104 2024-06-01 20:01:32.770000+00:00: 49.99839°, 11.93350°, depth 114.8 m, border distance 8218.8 m, semblance 0.150, magnitude 0.00
detected 1 energy burst - refined 18 nodes, level 1 (2000.0 m)
detected 1 energy burst - refined 27 nodes, level 2 (1000.0 m)
detected 1 energy burst - refined 22 nodes, level 3 (1000.0 m)
detected 1 energy burst - refined 22 nodes, level 4 (500.0 m)
detected 1 energy burst - refined 22 nodes, level 5 (250.0 m)
detected 1 energy burst - refined 18 nodes, level 5 (125.0 m)
84.0% processed - batch 242/288 2024-06-01 20:10:00+00:00 in 0:00:01.508871
processing rate 15.6MiB/s
🞋 event detection 105 2024-06-01 20:05:58.770000+00:00: 49.81596°, 12.14682°, depth 1415.1 m, border distance 5093.8 m, semblance 0.218, magnitude 0.00
detected 2 energy bursts - refined 45 nodes, level 1 (2000.0 m)
detected 2 energy bursts - refined 45 nodes, level 2 (1000.0 m)
detected 2 energy bursts - refined 49 nodes, level 3 (1000.0 m)
detected 2 energy bursts - refined 44 nodes, level 4 (500.0 m)
detected 2 energy bursts - refined 45 nodes, level 5 (250.0 m)
detected 2 energy bursts - refined 6 nodes, level 5 (125.0 m)
84.4% processed - batch 243/288 2024-06-01 20:15:00+00:00 in 0:00:01.675539
processing rate 14.0MiB/s
🞋 event detection 106 2024-06-01 20:10:09.730000+00:00: 49.81479°, 12.05378°, depth 1793.7 m, border distance 4968.8 m, semblance 0.196, magnitude 0.00
🞋 event detection 107 2024-06-01 20:12:35.530000+00:00: 49.95849°, 12.09429°, depth 7973.7 m, border distance 12031.2 m, semblance 0.186, magnitude 0.00
detected 1 energy burst - refined 18 nodes, level 1 (2000.0 m)
detected 1 energy burst - refined 27 nodes, level 2 (1000.0 m)
detected 1 energy burst - refined 22 nodes, level 3 (1000.0 m)
detected 1 energy burst - refined 27 nodes, level 4 (250.0 m)
detected 1 energy burst - refined 22 nodes, level 5 (250.0 m)
detected 1 energy burst - refined 18 nodes, level 5 (125.0 m)
84.7% processed - batch 244/288 2024-06-01 20:20:00+00:00 in 0:00:01.445553
processing rate 16.2MiB/s
🞋 event detection 108 2024-06-01 20:17:53.710000+00:00: 49.82836°, 12.16659°, depth 1906.5 m, border distance 6468.8 m, semblance 0.225, magnitude 0.00
85.1% processed - batch 245/288 2024-06-01 20:25:00+00:00 in 0:00:00.731796
processing rate 32.1MiB/s
detected 1 energy burst - refined 27 nodes, level 1 (2000.0 m)
detected 1 energy burst - refined 18 nodes, level 2 (1000.0 m)
detected 1 energy burst - refined 18 nodes, level 3 (500.0 m)
detected 1 energy burst - refined 18 nodes, level 4 (250.0 m)
detected 1 energy burst - refined 18 nodes, level 5 (125.0 m)
detected 1 energy burst - refined 2 nodes, level 5 (125.0 m)
85.4% processed - batch 246/288 2024-06-01 20:30:00+00:00 in 0:00:01.535987
processing rate 15.1MiB/s
🞋 event detection 109 2024-06-01 20:29:56.810000+00:00: 49.96330°, 12.01402°, depth -10.4 m, border distance 13968.8 m, semblance 0.166, magnitude 0.00
85.8% processed - batch 247/288 2024-06-01 20:35:00+00:00 in 0:00:00.734065
processing rate 32.0MiB/s
detected 3 energy bursts - refined 63 nodes, level 1 (2000.0 m)
detected 3 energy bursts - refined 72 nodes, level 2 (2000.0 m)
detected 3 energy bursts - refined 89 nodes, level 3 (2000.0 m)
detected 3 energy bursts - refined 89 nodes, level 4 (2000.0 m)
detected 3 energy bursts - refined 98 nodes, level 5 (2000.0 m)
detected 3 energy bursts - refined 37 nodes, level 5 (2000.0 m)
detected 3 energy bursts - refined 31 nodes, level 5 (2000.0 m)
detected 3 energy bursts - refined 30 nodes, level 5 (2000.0 m)
detected 3 energy bursts - refined 46 nodes, level 5 (1000.0 m)
detected 3 energy bursts - refined 24 nodes, level 5 (500.0 m)
detected 3 energy bursts - refined 26 nodes, level 5 (500.0 m)
detected 3 energy bursts - refined 2 nodes, level 4 (250.0 m)
detected 3 energy bursts - refined 4 nodes, level 5 (125.0 m)
detected 3 energy bursts - refined 2 nodes, level 5 (125.0 m)
86.1% processed - batch 248/288 2024-06-01 20:40:00+00:00 in 0:00:03.661242
processing rate 6.4MiB/s
🞋 event detection 110 2024-06-01 20:35:33.880000+00:00: 49.83107°, 12.13607°, depth 1529.7 m, border distance 6781.2 m, semblance 0.153, magnitude 0.00
🞋 event detection 111 2024-06-01 20:38:17.840000+00:00: 49.99134°, 12.08744°, depth 1390.9 m, border distance 18593.8 m, semblance 0.179, magnitude 0.00
🞋 event detection 112 2024-06-01 20:39:41.380000+00:00: 49.80971°, 12.09420°, depth 1964.9 m, border distance 4406.2 m, semblance 0.190, magnitude 0.00
86.5% processed - batch 249/288 2024-06-01 20:45:00+00:00 in 0:00:00.727953
processing rate 32.3MiB/s
detected 1 energy burst - refined 27 nodes, level 1 (2000.0 m)
detected 1 energy burst - refined 27 nodes, level 2 (1000.0 m)
detected 1 energy burst - refined 22 nodes, level 3 (2000.0 m)
detected 1 energy burst - refined 22 nodes, level 4 (1000.0 m)
detected 1 energy burst - refined 20 nodes, level 5 (500.0 m)
detected 1 energy burst - refined 4 nodes, level 4 (250.0 m)
detected 1 energy burst - refined 4 nodes, level 5 (125.0 m)
detected 1 energy burst - refined 6 nodes, level 5 (125.0 m)
detected 1 energy burst - refined 2 nodes, level 4 (250.0 m)
detected 1 energy burst - refined 4 nodes, level 5 (125.0 m)
detected 1 energy burst - refined 4 nodes, level 5 (125.0 m)
detected 1 energy burst - refined 2 nodes, level 3 (500.0 m)
detected 1 energy burst - refined 2 nodes, level 4 (250.0 m)
detected 1 energy burst - refined 4 nodes, level 5 (125.0 m)
detected 1 energy burst - refined 4 nodes, level 5 (125.0 m)
detected 1 energy burst - refined 2 nodes, level 4 (250.0 m)
detected 1 energy burst - refined 4 nodes, level 5 (125.0 m)
detected 1 energy burst - refined 4 nodes, level 5 (125.0 m)
detected 1 energy burst - refined 2 nodes, level 2 (1000.0 m)
detected 1 energy burst - refined 2 nodes, level 3 (500.0 m)
detected 1 energy burst - refined 2 nodes, level 4 (250.0 m)
detected 1 energy burst - refined 4 nodes, level 5 (125.0 m)
detected 1 energy burst - refined 4 nodes, level 5 (125.0 m)
detected 1 energy burst - refined 2 nodes, level 4 (250.0 m)
detected 1 energy burst - refined 4 nodes, level 5 (125.0 m)
86.8% processed - batch 250/288 2024-06-01 20:50:00+00:00 in 0:00:03.760112
processing rate 6.2MiB/s
🞋 event detection 113 2024-06-01 20:48:12.770000+00:00: 50.48844°, 12.46293°, depth 746.7 m, border distance 19281.2 m, semblance 0.175, magnitude 0.00
87.2% processed - batch 251/288 2024-06-01 20:55:00+00:00 in 0:00:00.707122
processing rate 33.2MiB/s
87.5% processed - batch 252/288 2024-06-01 21:00:00+00:00 in 0:00:00.711673
processing rate 33.0MiB/s
87.8% processed - batch 253/288 2024-06-01 21:05:00+00:00 in 0:00:00.708612
processing rate 33.1MiB/s
detected 1 energy burst - refined 18 nodes, level 1 (2000.0 m)
detected 1 energy burst - refined 55 nodes, level 2 (2000.0 m)
detected 1 energy burst - refined 27 nodes, level 3 (500.0 m)
detected 1 energy burst - refined 46 nodes, level 4 (500.0 m)
detected 1 energy burst - refined 22 nodes, level 5 (250.0 m)
detected 1 energy burst - refined 4 nodes, level 5 (125.0 m)
88.2% processed - batch 254/288 2024-06-01 21:10:00+00:00 in 0:00:01.531498
processing rate 15.3MiB/s
🞋 event detection 114 2024-06-01 21:07:24.490000+00:00: 49.89492°, 12.11381°, depth 2051.9 m, border distance 13906.2 m, semblance 0.157, magnitude 0.00
88.5% processed - batch 255/288 2024-06-01 21:15:00+00:00 in 0:00:00.734634
processing rate 32.0MiB/s
detected 1 energy burst - refined 27 nodes, level 1 (2000.0 m)
detected 1 energy burst - refined 27 nodes, level 2 (1000.0 m)
detected 1 energy burst - refined 22 nodes, level 3 (1000.0 m)
detected 1 energy burst - refined 27 nodes, level 4 (250.0 m)
detected 1 energy burst - refined 27 nodes, level 5 (125.0 m)
detected 1 energy burst - refined 4 nodes, level 5 (125.0 m)
detected 1 energy burst - refined 2 nodes, level 4 (250.0 m)
detected 1 energy burst - refined 4 nodes, level 5 (125.0 m)
88.9% processed - batch 256/288 2024-06-01 21:20:00+00:00 in 0:00:01.709426
processing rate 13.7MiB/s
🞋 event detection 115 2024-06-01 21:18:34.990000+00:00: 49.87315°, 12.01304°, depth 2178.5 m, border distance 11468.8 m, semblance 0.173, magnitude 0.00
89.2% processed - batch 257/288 2024-06-01 21:25:00+00:00 in 0:00:00.707839
processing rate 33.2MiB/s
detected 1 energy burst - refined 27 nodes, level 1 (2000.0 m)
detected 1 energy burst - refined 27 nodes, level 2 (1000.0 m)
detected 1 energy burst - refined 22 nodes, level 3 (1000.0 m)
detected 1 energy burst - refined 22 nodes, level 4 (500.0 m)
detected 1 energy burst - refined 27 nodes, level 5 (125.0 m)
detected 1 energy burst - refined 2 nodes, level 4 (250.0 m)
detected 1 energy burst - refined 4 nodes, level 5 (125.0 m)
detected 1 energy burst - refined 4 nodes, level 5 (125.0 m)
detected 1 energy burst - refined 2 nodes, level 4 (250.0 m)
detected 1 energy burst - refined 18 nodes, level 5 (500.0 m)
detected 1 energy burst - refined 4 nodes, level 5 (125.0 m)
detected 1 energy burst - refined 3 nodes, level 5 (250.0 m)
detected 1 energy burst - refined 4 nodes, level 5 (125.0 m)
89.6% processed - batch 258/288 2024-06-01 21:30:00+00:00 in 0:00:02.292265
processing rate 10.2MiB/s
🞋 event detection 116 2024-06-01 21:29:24.700000+00:00: 49.82778°, 11.95345°, depth 3470.3 m, border distance 6468.8 m, semblance 0.274, magnitude 0.00
detected 1 energy burst - refined 18 nodes, level 1 (2000.0 m)
detected 1 energy burst - refined 18 nodes, level 2 (1000.0 m)
detected 1 energy burst - refined 27 nodes, level 3 (500.0 m)
detected 1 energy burst - refined 27 nodes, level 4 (250.0 m)
detected 1 energy burst - refined 27 nodes, level 5 (125.0 m)
detected 1 energy burst - refined 2 nodes, level 4 (250.0 m)
detected 1 energy burst - refined 14 nodes, level 5 (250.0 m)
89.9% processed - batch 259/288 2024-06-01 21:35:00+00:00 in 0:00:01.554462
processing rate 15.1MiB/s
🞋 event detection 117 2024-06-01 21:34:19.520000+00:00: 49.86458°, 12.14975°, depth 566.0 m, border distance 10468.8 m, semblance 0.182, magnitude 0.00
90.3% processed - batch 260/288 2024-06-01 21:40:00+00:00 in 0:00:00.709157
processing rate 33.1MiB/s
90.6% processed - batch 261/288 2024-06-01 21:45:00+00:00 in 0:00:00.708549
processing rate 33.1MiB/s
detected 1 energy burst - refined 18 nodes, level 1 (2000.0 m)
detected 1 energy burst - refined 61 nodes, level 2 (2000.0 m)
detected 1 energy burst - refined 27 nodes, level 3 (500.0 m)
detected 1 energy burst - refined 22 nodes, level 4 (500.0 m)
detected 1 energy burst - refined 27 nodes, level 5 (125.0 m)
91.0% processed - batch 262/288 2024-06-01 21:50:00+00:00 in 0:00:01.356214
processing rate 17.3MiB/s
🞋 event detection 118 2024-06-01 21:47:37.240000+00:00: 49.84831°, 12.00363°, depth 1088.4 m, border distance 8718.8 m, semblance 0.158, magnitude 0.00
91.3% processed - batch 263/288 2024-06-01 21:55:00+00:00 in 0:00:00.700536
processing rate 33.5MiB/s
detected 1 energy burst - refined 27 nodes, level 1 (2000.0 m)
detected 1 energy burst - refined 14 nodes, level 2 (2000.0 m)
detected 1 energy burst - refined 22 nodes, level 3 (1000.0 m)
detected 1 energy burst - refined 27 nodes, level 4 (250.0 m)
detected 1 energy burst - refined 27 nodes, level 5 (125.0 m)
91.7% processed - batch 264/288 2024-06-01 22:00:00+00:00 in 0:00:01.377654
processing rate 17.0MiB/s
🞋 event detection 119 2024-06-01 21:59:27.870000+00:00: 49.84642°, 12.17535°, depth 722.0 m, border distance 8468.8 m, semblance 0.198, magnitude 0.00
92.0% processed - batch 265/288 2024-06-01 22:05:00+00:00 in 0:00:00.684389
processing rate 32.9MiB/s
92.4% processed - batch 266/288 2024-06-01 22:10:00+00:00 in 0:00:00.689552
processing rate 32.7MiB/s
92.7% processed - batch 267/288 2024-06-01 22:15:00+00:00 in 0:00:00.702117
processing rate 33.5MiB/s
93.1% processed - batch 268/288 2024-06-01 22:20:00+00:00 in 0:00:00.703942
processing rate 33.4MiB/s
93.4% processed - batch 269/288 2024-06-01 22:25:00+00:00 in 0:00:00.736183
processing rate 31.9MiB/s
93.8% processed - batch 270/288 2024-06-01 22:30:00+00:00 in 0:00:00.710972
processing rate 33.0MiB/s
94.1% processed - batch 271/288 2024-06-01 22:35:00+00:00 in 0:00:00.710347
processing rate 68.8MiB/s
94.4% processed - batch 272/288 2024-06-01 22:40:00+00:00 in 0:00:00.691309
processing rate 34.0MiB/s
94.8% processed - batch 273/288 2024-06-01 22:45:00+00:00 in 0:00:00.717205
processing rate 32.7MiB/s
95.1% processed - batch 274/288 2024-06-01 22:50:00+00:00 in 0:00:00.691417
processing rate 34.0MiB/s
detected 1 energy burst - refined 27 nodes, level 1 (2000.0 m)
detected 1 energy burst - refined 27 nodes, level 2 (1000.0 m)
detected 1 energy burst - refined 27 nodes, level 3 (500.0 m)
detected 1 energy burst - refined 27 nodes, level 4 (250.0 m)
detected 1 energy burst - refined 27 nodes, level 5 (125.0 m)
95.5% processed - batch 275/288 2024-06-01 22:55:00+00:00 in 0:00:01.392350
processing rate 16.9MiB/s
🞋 event detection 120 2024-06-01 22:54:27.570000+00:00: 49.91427°, 11.91116°, depth 8279.0 m, border distance 6593.8 m, semblance 0.217, magnitude 0.00
detected 1 energy burst - refined 27 nodes, level 1 (2000.0 m)
detected 1 energy burst - refined 27 nodes, level 2 (1000.0 m)
detected 1 energy burst - refined 27 nodes, level 3 (500.0 m)
detected 1 energy burst - refined 27 nodes, level 4 (250.0 m)
detected 1 energy burst - refined 27 nodes, level 5 (125.0 m)
95.8% processed - batch 276/288 2024-06-01 23:00:00+00:00 in 0:00:01.373551
processing rate 17.1MiB/s
🞋 event detection 121 2024-06-01 22:56:14.370000+00:00: 49.86678°, 11.99794°, depth 9142.8 m, border distance 10781.2 m, semblance 0.136, magnitude 0.00
96.2% processed - batch 277/288 2024-06-01 23:05:00+00:00 in 0:00:00.702844
processing rate 33.4MiB/s
96.5% processed - batch 278/288 2024-06-01 23:10:00+00:00 in 0:00:00.722199
processing rate 32.5MiB/s
detected 1 energy burst - refined 27 nodes, level 1 (2000.0 m)
detected 1 energy burst - refined 27 nodes, level 2 (1000.0 m)
detected 1 energy burst - refined 27 nodes, level 3 (500.0 m)
detected 1 energy burst - refined 22 nodes, level 4 (500.0 m)
detected 1 energy burst - refined 27 nodes, level 5 (125.0 m)
96.9% processed - batch 279/288 2024-06-01 23:15:00+00:00 in 0:00:01.362330
processing rate 17.2MiB/s
🞋 event detection 122 2024-06-01 23:10:56.690000+00:00: 50.00675°, 12.04948°, depth 9354.5 m, border distance 10656.2 m, semblance 0.164, magnitude 0.00
detected 1 energy burst - refined 18 nodes, level 1 (2000.0 m)
detected 1 energy burst - refined 27 nodes, level 1 (2000.0 m)
detected 1 energy burst - refined 27 nodes, level 2 (1000.0 m)
detected 1 energy burst - refined 27 nodes, level 3 (500.0 m)
detected 1 energy burst - refined 27 nodes, level 4 (250.0 m)
detected 1 energy burst - refined 27 nodes, level 5 (125.0 m)
97.2% processed - batch 280/288 2024-06-01 23:20:00+00:00 in 0:00:01.497059
processing rate 15.7MiB/s
🞋 event detection 123 2024-06-01 23:18:02.040000+00:00: 50.61960°, 12.84033°, depth 10010.4 m, border distance 3406.2 m, semblance 0.138, magnitude 0.00
97.6% processed - batch 281/288 2024-06-01 23:25:00+00:00 in 0:00:00.702111
processing rate 33.5MiB/s
detected 1 energy burst - refined 27 nodes, level 1 (2000.0 m)
detected 1 energy burst - refined 27 nodes, level 2 (1000.0 m)
detected 1 energy burst - refined 27 nodes, level 3 (500.0 m)
detected 1 energy burst - refined 27 nodes, level 4 (250.0 m)
detected 1 energy burst - refined 27 nodes, level 5 (125.0 m)
detected 1 energy burst - refined 4 nodes, level 5 (125.0 m)
detected 1 energy burst - refined 3 nodes, level 5 (500.0 m)
detected 1 energy burst - refined 20 nodes, level 5 (500.0 m)
detected 1 energy burst - refined 22 nodes, level 5 (250.0 m)
97.9% processed - batch 282/288 2024-06-01 23:30:00+00:00 in 0:00:01.821464
processing rate 12.9MiB/s
🞋 event detection 124 2024-06-01 23:29:25.130000+00:00: 49.89059°, 12.06593°, depth 4135.4 m, border distance 13406.2 m, semblance 0.245, magnitude 0.00
detected 2 energy bursts - refined 46 nodes, level 1 (2000.0 m)
detected 2 energy bursts - refined 52 nodes, level 2 (1000.0 m)
detected 2 energy bursts - refined 54 nodes, level 3 (500.0 m)
detected 2 energy bursts - refined 54 nodes, level 4 (250.0 m)
detected 2 energy bursts - refined 54 nodes, level 5 (125.0 m)
98.3% processed - batch 283/288 2024-06-01 23:35:00+00:00 in 0:00:01.500215
processing rate 15.7MiB/s
🞋 event detection 125 2024-06-01 23:30:59.400000+00:00: 50.37313°, 12.47477°, depth 7757.8 m, border distance 12218.8 m, semblance 0.187, magnitude 0.00
🞋 event detection 126 2024-06-01 23:31:42.620000+00:00: 50.35792°, 12.50015°, depth 6151.2 m, border distance 13843.8 m, semblance 0.636, magnitude 0.00
98.6% processed - batch 284/288 2024-06-01 23:40:00+00:00 in 0:00:00.695499
processing rate 33.8MiB/s
detected 1 energy burst - refined 18 nodes, level 1 (2000.0 m)
detected 1 energy burst - refined 27 nodes, level 1 (2000.0 m)
detected 1 energy burst - refined 27 nodes, level 2 (1000.0 m)
detected 1 energy burst - refined 27 nodes, level 3 (500.0 m)
detected 1 energy burst - refined 27 nodes, level 4 (250.0 m)
detected 1 energy burst - refined 27 nodes, level 5 (125.0 m)
detected 1 energy burst - refined 4 nodes, level 5 (125.0 m)
detected 1 energy burst - refined 4 nodes, level 4 (250.0 m)
detected 1 energy burst - refined 4 nodes, level 5 (125.0 m)
detected 1 energy burst - refined 4 nodes, level 5 (125.0 m)
99.0% processed - batch 285/288 2024-06-01 23:45:00+00:00 in 0:00:01.925140
processing rate 12.2MiB/s
🞋 event detection 127 2024-06-01 23:44:19.230000+00:00: 49.81203°, 12.10941°, depth 1526.7 m, border distance 4656.2 m, semblance 0.145, magnitude 0.00
99.3% processed - batch 286/288 2024-06-01 23:50:00+00:00 in 0:00:00.696313
processing rate 33.7MiB/s
99.7% processed - batch 287/288 2024-06-01 23:55:00+00:00 in 0:00:00.699763
processing rate 33.6MiB/s
100.0% processed - batch 288/288 2024-06-02 00:00:00+00:00 in 0:00:00.657381
processing rate 41.5MiB/s
exporting event CSV to klingenthal/csv/detections.csv
exporting Pyrocko events to klingenthal/pyrocko_detections.list
exporting event CSV to klingenthal/csv/detections_jittered.csv
exporting Pyrocko events to klingenthal/pyrocko_detections_jittered.list
finished search in 0:05:25.403422
detected 127 events
